customer_id,gender,prior_purchases
1,F,3
2,M,2
3,M,4
4,M,4
5,F,3
6,F,3
7,F,3
8,F,2
9,F,3
10,F,3
11,M,2
12,F,3
13,F,3
14,M,3
15,M,3
16,F,3
17,F,2
18,M,3
19,M,3
20,M,3
21,F,2
22,F,4
23,M,2
24,M,3
25,F,2
26,M,4
27,F,3
28,M,3
29,M,4
30,F,2
31,F,2
32,F,2
33,F,3
34,M,3
35,F,4
36,F,3
37,F,4
38,F,6
39,F,4
40,F,5
41,M,2
42,M,4
43,M,2
44,M,2
45,M,2
46,F,3
47,F,4
48,M,2
49,M,2
50,F,3
51,M,3
52,M,3
53,F,3
54,M,3
55,M,3
56,M,5
57,F,3
58,F,3
59,M,3
60,F,3
61,F,3
62,M,3
63,M,6
64,M,3
65,M,2
66,M,3
67,F,3
68,F,3
69,F,4
70,M,3
71,M,4
72,F,2
73,F,3
74,F,3
75,F,6
76,F,3
77,F,2
78,F,3
79,M,3
80,F,2
81,F,2
82,M,3
83,F,3
84,F,3
85,F,2
86,M,3
87,M,2
88,F,3
89,M,3
90,F,4
91,F,6
92,F,3
93,F,2
94,F,3
95,F,4
96,M,3
97,M,2
98,F,2
99,M,4
100,M,2
101,M,2
102,M,4
103,M,3
104,M,4
105,M,3
106,M,3
107,M,3
108,M,3
109,F,3
110,M,3
111,M,2
112,F,3
113,M,2
114,M,3
115,M,2
116,M,3
117,M,4
118,F,2
119,F,3
120,M,3
121,F,3
122,F,3
123,M,3
124,F,2
125,M,3
126,M,2
127,M,3
128,F,4
129,M,4
130,M,4
131,F,2
132,M,3
133,M,3
134,F,6
135,F,2
136,F,3
137,F,4
138,M,2
139,M,5
140,F,2
141,M,3
142,M,3
143,M,3
144,F,4
145,F,3
146,M,2
147,M,3
148,F,4
149,M,3
150,M,3
151,F,2
152,M,5
153,M,4
154,M,2
155,F,3
156,F,4
157,M,5
158,F,2
159,M,2
160,F,3
161,M,4
162,F,3
163,F,4
164,M,3
165,M,2
166,F,4
167,F,3
168,M,3
169,F,3
170,F,3
171,F,3
172,F,4
173,M,3
174,F,3
175,F,3
176,M,2
177,M,3
178,M,3
179,F,3
180,M,4
181,F,7
182,M,3
183,F,10
184,F,7
185,M,2
186,M,3
187,F,2
188,M,2
189,F,3
190,F,3
191,M,3
192,F,3
193,F,3
194,M,3
195,F,4
196,F,3
197,M,3
198,F,3
199,F,3
200,M,3
201,M,3
202,F,3
203,M,3
204,M,5
205,M,3
206,F,3
207,M,3
208,M,3
209,M,3
210,F,3
211,F,3
212,F,3
213,M,3
214,F,3
215,F,3
216,F,3
217,M,3
218,F,4
219,M,3
220,M,3
221,M,3
222,M,2
223,M,3
224,F,3
225,F,3
226,F,4
227,M,7
228,F,3
229,M,10
230,F,7
231,F,2
232,F,3
233,M,2
234,M,2
235,F,3
236,M,3
237,F,3
238,M,3
239,F,3
240,M,3
241,M,4
242,F,3
243,M,3
244,M,3
245,F,3
246,F,3
247,F,3
248,F,3
249,F,3
250,F,5
251,F,3
252,F,3
253,M,3
254,F,3
255,F,3
256,F,3
257,M,3
258,F,3
259,F,3
260,M,3
261,F,3
262,F,3
263,F,4
264,M,2
265,M,5
266,F,5
267,F,4
268,M,3
269,F,3
270,M,3
271,F,5
272,F,2
273,F,2
274,F,2
275,M,6
276,F,5
277,F,3
278,M,3
279,F,3
280,M,2
281,M,3
282,M,3
283,F,3
284,F,3
285,F,3
286,M,4
287,F,2
288,M,3
289,M,2
290,F,3
291,M,3
292,M,3
293,M,4
294,M,4
295,F,2
296,M,2
297,F,3
298,M,2
299,M,4
300,M,3
301,F,3
302,M,2
303,M,2
304,M,2
305,F,4
306,F,3
307,M,4
308,M,3
309,M,2
310,F,3
311,M,2
312,F,3
313,M,3
314,M,3
315,M,6
316,F,3
317,M,2
318,F,4
319,M,2
320,M,4
321,F,2
322,M,3
323,M,3
324,M,2
325,F,4
326,M,3
327,M,3
328,F,4
329,M,2
330,F,4
331,F,3
332,F,3
333,F,3
334,M,3
335,M,5
336,M,4
337,F,3
338,F,2
339,M,3
340,F,6
341,F,5
342,M,2
343,M,2
344,F,6
345,F,4
346,M,3
347,F,2
348,F,2
349,F,4
350,M,3
351,F,3
352,F,2
353,M,3
354,M,2
355,F,3
356,F,3
357,M,2
358,F,2
359,F,3
360,M,5
361,M,3
362,F,3
363,M,2
364,F,4
365,F,3
366,M,3
367,F,3
368,M,3
369,M,3
370,F,3
371,M,2
372,M,3
373,M,3
374,M,3
375,F,3
376,F,2
377,M,2
378,F,2
379,M,3
380,M,3
381,M,2
382,F,4
383,F,2
384,M,2
385,M,2
386,F,2
387,M,3
388,F,3
389,F,3
390,F,4
391,M,3
392,F,3
393,F,4
394,F,2
395,M,2
396,M,3
397,F,3
398,F,4
399,M,3
400,F,2
401,M,3
402,M,2
403,F,3
404,M,5
405,F,4
406,F,3
407,M,2
408,M,3
409,M,3
410,M,3
411,M,3
412,M,2
413,M,4
414,M,2
415,M,2
416,F,3
417,M,3
418,M,3
419,M,3
420,F,2
421,F,5
422,M,2
423,M,3
424,M,2
425,M,4
426,F,3
427,M,3
428,F,4
429,F,3
430,M,2
431,F,3
432,M,3
433,F,3
434,F,3
435,F,3
436,M,2
437,F,3
438,F,3
439,M,3
440,F,3
441,M,2
442,M,3
443,F,2
444,M,2
445,F,3
446,F,2
447,F,5
448,M,3
449,M,3
450,F,2
451,F,3
452,M,4
453,M,2
454,F,10
455,F,3
456,M,3
457,M,2
458,F,8
459,F,5
460,M,3
461,F,3
462,M,7
463,M,8
464,F,7
465,M,8
466,F,4
467,F,2
468,F,5
469,F,3
470,F,3
471,M,2
472,M,3
473,M,4
474,F,2
475,M,10
476,M,3
477,M,3
478,F,2
479,F,8
480,M,5
481,F,3
482,F,3
483,M,7
484,F,8
485,F,7
486,F,8
487,F,4
488,F,3
489,M,3
490,M,3
491,F,3
492,F,3
493,F,3
494,M,5
495,F,5
496,M,5
497,F,3
498,M,2
499,M,2
500,F,3
501,M,2
502,M,3
503,F,4
504,M,3
505,F,2
506,F,2
507,F,3
508,F,3
509,F,2
510,M,3
511,M,3
512,M,3
513,F,4
514,M,5
515,M,3
516,F,3
517,F,3
518,F,2
519,M,3
520,F,3
521,F,2
522,M,2
523,M,2
524,F,3
525,M,3
526,M,3
527,M,2
528,F,3
529,F,3
530,F,4
531,M,2
532,F,2
533,F,3
534,F,3
535,F,3
536,F,4
537,F,4
538,F,3
539,F,6
540,F,4
541,F,3
542,F,3
543,F,3
544,M,2
545,F,3
546,M,3
547,F,4
548,M,5
549,M,3
550,F,3
551,F,4
552,M,3
553,M,2
554,F,4
555,F,3
556,M,5
557,M,2
558,M,2
559,M,3
560,M,3
561,F,2
562,F,6
563,M,2
564,M,3
565,F,2
566,M,2
567,F,4
568,M,3
569,M,5
570,F,2
571,M,3
572,M,3
573,M,2
574,F,6
575,M,2
576,M,4
577,M,3
578,F,3
579,F,3
580,F,3
581,M,2
582,F,2
583,M,3
584,F,3
585,F,2
586,F,3
587,F,3
588,M,2
589,F,6
590,F,2
591,M,5
592,M,2
593,F,3
594,F,2
595,F,2
596,M,3
597,F,3
598,F,3
599,F,2
600,F,3
601,M,5
602,M,3
603,M,3
604,F,2
605,F,2
606,F,5
607,F,3
608,F,2
609,M,3
610,M,3
611,M,2
612,F,2
613,M,3
614,F,2
615,M,4
616,F,4
617,F,2
618,F,2
619,M,4
620,M,2
621,F,2
622,M,2
623,M,3
624,M,3
625,F,3
626,F,3
627,F,3
628,F,5
629,F,4
630,F,2
631,F,3
632,M,3
633,F,4
634,M,2
635,M,3
636,F,2
637,F,2
638,F,6
639,M,4
640,M,4
641,F,2
642,F,3
643,M,2
644,M,4
645,M,5
646,M,3
647,F,3
648,M,4
649,M,3
650,F,2
651,M,3
652,M,4
653,F,4
654,M,2
655,M,2
656,F,2
657,M,4
658,F,3
659,M,3
660,M,2
661,M,3
662,M,4
663,F,5
664,F,2
665,F,3
666,M,2
667,M,4
668,M,4
669,F,3
670,M,3
671,M,3
672,M,2
673,M,3
674,M,2
675,F,3
676,F,3
677,F,2
678,F,2
679,M,3
680,M,2
681,F,3
682,F,2
683,M,2
684,M,4
685,M,3
686,M,2
687,F,2
688,M,2
689,M,3
690,F,3
691,M,2
692,F,3
693,M,2
694,M,7
695,M,3
696,M,3
697,F,4
698,F,2
699,M,3
700,M,3
701,F,3
702,M,7
703,F,8
704,F,3
705,F,8
706,M,2
707,M,3
708,M,3
709,F,3
710,M,3
711,M,3
712,F,2
713,F,3
714,F,2
715,F,2
716,M,4
717,F,3
718,F,2
719,M,2
720,M,2
721,F,3
722,F,3
723,M,2
724,F,3
725,F,2
726,F,7
727,F,3
728,M,3
729,M,4
730,F,2
731,M,3
732,F,3
733,M,3
734,F,7
735,M,8
736,M,3
737,F,8
738,F,2
739,F,3
740,M,3
741,F,3
742,F,3
743,F,4
744,M,5
745,M,4
746,M,5
747,M,2
748,M,2
749,F,3
750,M,3
751,M,3
752,M,3
753,M,2
754,F,3
755,F,6
756,M,3
757,F,5
758,M,2
759,F,6
760,F,3
761,F,2
762,M,3
763,M,4
764,F,2
765,F,3
766,F,4
767,M,3
768,F,5
769,F,3
770,F,3
771,F,4
772,M,3
773,F,3
774,F,3
775,M,3
776,F,3
777,F,3
778,M,2
779,M,3
780,F,2
781,M,3
782,F,2
783,F,2
784,F,4
785,M,2
786,M,3
787,M,3
788,F,3
789,F,2
790,F,3
791,M,2
792,M,2
793,M,5
794,M,3
795,M,4
796,F,3
797,F,4
798,M,4
799,F,3
800,F,4
801,F,2
802,F,2
803,F,2
804,M,3
805,F,2
806,M,3
807,F,4
808,F,6
809,M,5
810,F,3
811,F,3
812,M,3
813,F,3
814,F,2
815,F,3
816,M,4
817,F,3
818,M,3
819,M,2
820,F,2
821,F,3
822,F,3
823,F,3
824,F,2
825,M,2
826,M,3
827,M,2
828,F,2
829,M,3
830,F,3
831,F,3
832,F,3
833,F,3
834,M,6
835,F,3
836,M,4
837,M,2
838,F,2
839,F,3
840,M,6
841,M,3
842,F,2
843,M,3
844,F,5
845,F,5
846,F,5
847,M,3
848,F,3
849,F,3
850,F,4
851,F,2
852,F,2
853,F,4
854,F,2
855,M,2
856,M,2
857,F,2
858,M,5
859,M,5
860,F,4
861,F,6
862,F,2
863,M,2
864,F,3
865,M,2
866,F,5
867,F,2
868,F,3
869,M,3
870,F,3
871,F,3
872,M,3
873,F,5
874,M,3
875,F,2
876,M,3
877,M,2
878,M,3
879,M,5
880,M,3
881,F,6
882,M,2
883,M,2
884,F,2
885,F,2
886,M,4
887,F,3
888,M,3
889,M,3
890,M,4
891,F,2
892,F,4
893,F,3
894,F,2
895,F,2
896,F,3
897,M,2
898,M,3
899,M,3
900,F,3
901,M,6
902,M,3
903,F,3
904,M,2
905,F,3
906,M,3
907,M,5
908,M,2
909,M,4
910,F,10
911,F,10
912,F,3
913,F,3
914,M,2
915,M,2
916,M,3
917,M,8
918,M,7
919,M,3
920,M,10
921,M,2
922,F,8
923,M,7
924,M,4
925,F,2
926,F,3
927,F,2
928,F,2
929,M,4
930,F,5
931,M,2
932,M,3
933,F,3
934,F,3
935,M,6
936,M,3
937,F,3
938,F,2
939,M,3
940,F,3
941,F,5
942,M,2
943,M,4
944,M,10
945,F,10
946,M,3
947,F,3
948,M,2
949,M,2
950,M,3
951,F,8
952,F,7
953,F,3
954,F,10
955,F,2
956,F,8
957,F,7
958,M,4
959,F,2
960,M,3
961,F,2
962,F,2
963,M,4
964,F,5
965,F,5
966,F,2
967,F,4
968,M,3
969,M,2
970,F,2
971,M,2
972,M,2
973,M,2
974,M,3
975,F,4
976,M,3
977,F,2
978,F,3
979,F,2
980,F,2
981,F,3
982,M,3
983,F,4
984,M,3
985,F,3
986,F,6
987,M,2
988,M,2
989,F,3
990,F,2
991,M,3
992,F,3
993,M,3
994,F,3
995,F,3
996,M,2
997,M,4
998,F,3
999,F,2
1000,M,2
1001,F,4
1002,M,3
1003,M,5
1004,M,3
1005,F,6
1006,M,2
1007,F,2
1008,F,3
1009,M,2
1010,F,4
1011,F,2
1012,M,4
1013,F,2
1014,M,2
1015,M,2
1016,M,2
1017,F,3
1018,M,2
1019,M,2
1020,M,5
1021,M,3
1022,M,2
1023,F,3
1024,F,3
1025,F,3
1026,M,4
1027,F,5
1028,M,3
1029,M,3
1030,F,2
1031,M,2
1032,M,4
1033,F,5
1034,M,2
1035,M,3
1036,M,2
1037,M,2
1038,M,3
1039,M,2
1040,M,2
1041,M,2
1042,M,3
1043,F,3
1044,M,2
1045,F,2
1046,F,3
1047,F,2
1048,M,3
1049,M,3
1050,F,5
1051,M,4
1052,F,3
1053,F,3
1054,M,4
1055,F,3
1056,M,3
1057,F,4
1058,M,2
1059,M,4
1060,M,6
1061,M,4
1062,M,3
1063,M,4
1064,M,3
1065,M,4
1066,F,4
1067,M,2
1068,F,2
1069,M,3
1070,M,5
1071,M,2
1072,F,2
1073,F,2
1074,M,2
1075,F,3
1076,F,3
1077,M,3
1078,F,2
1079,M,3
1080,F,3
1081,F,3
1082,F,3
1083,M,3
1084,F,3
1085,M,3
1086,M,2
1087,M,3
1088,M,3
1089,M,3
1090,F,5
1091,M,2
1092,M,3
1093,M,3
1094,F,2
1095,M,3
1096,M,3
1097,F,3
1098,F,3
1099,F,2
1100,F,2
1101,M,2
1102,F,5
1103,M,3
1104,F,5
1105,F,4
1106,M,3
1107,F,6
1108,F,2
1109,F,3
1110,M,2
1111,M,3
1112,F,6
1113,M,3
1114,M,3
1115,M,3
1116,M,2
1117,M,3
1118,F,3
1119,M,3
1120,M,2
1121,M,2
1122,M,3
1123,F,4
1124,F,3
1125,F,4
1126,F,5
1127,M,4
1128,F,3
1129,F,4
1130,F,2
1131,F,6
1132,M,5
1133,F,3
1134,M,2
1135,F,4
1136,M,3
1137,M,5
1138,M,3
1139,F,3
1140,F,6
1141,M,2
1142,M,3
1143,M,2
1144,F,2
1145,M,5
1146,M,10
1147,M,2
1148,F,6
1149,F,2
1150,F,2
1151,F,10
1152,F,5
1153,M,10
1154,F,10
1155,M,8
1156,F,2
1157,F,3
1158,F,3
1159,M,2
1160,F,2
1161,M,8
1162,M,8
1163,M,4
1164,F,2
1165,M,6
1166,F,5
1167,F,3
1168,M,2
1169,M,4
1170,M,3
1171,F,5
1172,F,3
1173,M,3
1174,F,6
1175,M,2
1176,M,3
1177,M,2
1178,F,2
1179,F,5
1180,F,10
1181,F,2
1182,M,6
1183,M,2
1184,M,2
1185,F,10
1186,M,5
1187,F,10
1188,F,10
1189,M,8
1190,F,2
1191,M,3
1192,F,3
1193,M,2
1194,M,2
1195,F,8
1196,M,8
1197,M,4
1198,M,4
1199,F,4
1200,M,5
1201,F,3
1202,M,3
1203,M,2
1204,M,3
1205,M,5
1206,M,3
1207,M,4
1208,F,3
1209,F,2
1210,M,3
1211,M,5
1212,M,3
1213,M,3
1214,F,3
1215,F,4
1216,F,2
1217,F,3
1218,F,2
1219,M,4
1220,F,4
1221,F,4
1222,F,3
1223,M,2
1224,M,2
1225,M,2
1226,M,2
1227,F,2
1228,F,3
1229,M,3
1230,M,2
1231,F,6
1232,M,2
1233,M,3
1234,F,3
1235,M,4
1236,F,2
1237,F,6
1238,F,2
1239,F,3
1240,M,3
1241,F,4
1242,F,4
1243,M,2
1244,M,5
1245,F,2
1246,M,3
1247,M,5
1248,F,3
1249,M,3
1250,F,3
1251,F,4
1252,M,3
1253,F,3
1254,F,2
1255,M,4
1256,M,3
1257,M,3
1258,F,3
1259,F,2
1260,F,2
1261,F,2
1262,F,3
1263,F,3
1264,M,3
1265,F,2
1266,F,5
1267,F,2
1268,M,5
1269,F,5
1270,F,2
1271,M,3
1272,M,6
1273,F,3
1274,M,3
1275,F,4
1276,M,2
1277,F,4
1278,F,2
1279,M,3
1280,F,2
1281,M,3
1282,M,3
1283,F,3
1284,M,3
1285,F,2
1286,M,3
1287,F,2
1288,M,3
1289,M,3
1290,M,3
1291,M,3
1292,M,2
1293,F,3
1294,F,5
1295,F,3
1296,M,3
1297,M,3
1298,M,2
1299,F,3
1300,M,2
1301,F,3
1302,M,3
1303,F,3
1304,M,3
1305,F,2
1306,M,4
1307,M,2
1308,F,2
1309,M,3
1310,F,3
1311,F,3
1312,F,3
1313,F,3
1314,M,2
1315,M,3
1316,M,4
1317,F,3
1318,M,6
1319,M,3
1320,F,3
1321,F,3
1322,F,3
1323,F,2
1324,M,2
1325,F,3
1326,M,5
1327,F,5
1328,M,6
1329,F,3
1330,F,3
1331,F,2
1332,M,2
1333,M,4
1334,F,2
1335,F,4
1336,M,2
1337,M,4
1338,F,4
1339,M,3
1340,M,3
1341,M,4
1342,M,2
1343,F,2
1344,M,3
1345,F,3
1346,F,2
1347,F,3
1348,M,6
1349,F,2
1350,M,6
1351,M,3
1352,F,4
1353,F,2
1354,F,3
1355,F,3
1356,F,3
1357,M,3
1358,F,4
1359,F,3
1360,M,2
1361,F,2
1362,F,3
1363,F,3
1364,M,2
1365,F,3
1366,M,3
1367,F,3
1368,M,2
1369,F,4
1370,F,6
1371,F,4
1372,M,3
1373,F,2
1374,F,4
1375,M,4
1376,M,3
1377,M,3
1378,M,2
1379,F,3
1380,M,6
1381,F,2
1382,F,2
1383,M,6
1384,F,4
1385,F,5
1386,M,2
1387,F,3
1388,M,2
1389,F,3
1390,F,3
1391,F,3
1392,M,3
1393,M,7
1394,F,2
1395,M,4
1396,F,4
1397,F,5
1398,F,3
1399,M,3
1400,F,2
1401,M,4
1402,F,6
1403,M,4
1404,F,3
1405,M,2
1406,M,4
1407,M,4
1408,M,3
1409,F,3
1410,M,2
1411,F,3
1412,F,6
1413,F,2
1414,F,2
1415,F,6
1416,M,4
1417,F,5
1418,F,2
1419,M,3
1420,M,2
1421,F,3
1422,F,3
1423,F,3
1424,F,3
1425,F,7
1426,F,2
1427,M,4
1428,F,4
1429,M,5
1430,M,3
1431,M,3
1432,M,5
1433,F,3
1434,M,3
1435,M,2
1436,F,4
1437,M,6
1438,M,3
1439,F,4
1440,F,3
1441,M,3
1442,M,3
1443,M,4
1444,F,4
1445,M,3
1446,M,3
1447,M,6
1448,M,3
1449,F,3
1450,M,2
1451,F,6
1452,F,3
1453,F,3
1454,M,6
1455,M,2
1456,M,4
1457,M,3
1458,M,4
1459,M,3
1460,F,2
1461,M,3
1462,M,2
1463,M,3
1464,F,2
1465,M,3
1466,M,3
1467,F,3
1468,F,4
1469,F,3
1470,F,3
1471,M,2
1472,F,2
1473,F,2
1474,M,2
1475,F,2
1476,M,3
1477,M,3
1478,M,3
1479,F,3
1480,M,3
1481,F,3
1482,M,3
1483,F,5
1484,F,3
1485,F,2
1486,F,2
1487,F,3
1488,F,6
1489,M,3
1490,M,3
1491,F,4
1492,M,3
1493,M,5
1494,M,3
1495,F,2
1496,F,2
1497,M,4
1498,M,2
1499,M,2
1500,M,6
1501,M,2
1502,M,2
1503,M,3
1504,F,2
1505,M,6
1506,F,4
1507,M,3
1508,F,2
1509,M,2
1510,M,2
1511,M,4
1512,M,3
1513,M,3
1514,F,5
1515,F,3
1516,F,3
1517,M,3
1518,M,4
1519,M,4
1520,F,4
1521,F,2
1522,M,3
1523,F,3
1524,F,2
1525,F,3
1526,F,3
1527,M,2
1528,F,2
1529,F,4
1530,F,2
1531,M,3
1532,M,2
1533,F,3
1534,M,3
1535,F,2
1536,M,3
1537,M,3
1538,F,3
1539,M,4
1540,F,4
1541,F,6
1542,M,4
1543,F,2
1544,F,2
1545,M,2
1546,F,3
1547,F,2
1548,M,3
1549,M,2
1550,F,3
1551,M,2
1552,F,3
1553,F,2
1554,F,2
1555,F,5
1556,F,2
1557,F,3
1558,M,3
1559,F,6
1560,M,2
1561,M,3
1562,F,3
1563,M,2
1564,M,2
1565,F,2
1566,F,3
1567,M,4
1568,F,2
1569,M,3
1570,M,5
1571,M,4
1572,M,4
1573,F,3
1574,M,3
1575,M,5
1576,M,3
1577,M,3
1578,M,3
1579,M,6
1580,F,3
1581,M,5
1582,M,2
1583,M,3
1584,F,3
1585,F,2
1586,M,2
1587,M,2
1588,F,3
1589,M,4
1590,F,2
1591,M,3
1592,M,2
1593,F,3
1594,F,3
1595,F,4
1596,F,3
1597,M,3
1598,M,2
1599,F,3
1600,M,3
1601,F,3
1602,M,3
1603,F,6
1604,M,6
1605,M,2
1606,M,4
1607,M,3
1608,M,3
1609,M,3
1610,F,2
1611,F,3
1612,F,2
1613,M,3
1614,F,8
1615,M,5
1616,M,2
1617,F,3
1618,M,3
1619,M,5
1620,F,3
1621,F,3
1622,M,2
1623,F,3
1624,M,2
1625,M,6
1626,M,7
1627,F,7
1628,F,7
1629,F,3
1630,M,3
1631,F,7
1632,F,8
1633,F,3
1634,F,7
1635,F,6
1636,F,6
1637,F,2
1638,F,4
1639,F,3
1640,M,3
1641,M,3
1642,F,2
1643,F,3
1644,F,2
1645,M,3
1646,M,8
1647,F,5
1648,M,2
1649,F,3
1650,F,3
1651,F,5
1652,F,3
1653,M,3
1654,F,2
1655,F,3
1656,F,2
1657,M,6
1658,F,7
1659,F,7
1660,F,7
1661,F,3
1662,F,3
1663,F,7
1664,F,8
1665,F,3
1666,M,7
1667,F,3
1668,M,4
1669,F,4
1670,M,5
1671,F,4
1672,F,3
1673,M,3
1674,F,5
1675,M,2
1676,M,3
1677,F,2
1678,M,3
1679,M,2
1680,M,2
1681,F,3
1682,M,3
1683,M,6
1684,M,3
1685,F,3
1686,M,3
1687,F,3
1688,F,2
1689,F,2
1690,F,3
1691,M,2
1692,M,3
1693,F,4
1694,M,2
1695,M,2
1696,F,5
1697,F,3
1698,F,3
1699,M,2
1700,F,4
1701,F,2
1702,F,3
1703,F,3
1704,F,3
1705,F,2
1706,M,3
1707,F,5
1708,F,3
1709,F,4
1710,M,2
1711,M,3
1712,F,3
1713,M,5
1714,M,3
1715,M,2
1716,F,3
1717,M,5
1718,F,2
1719,M,3
1720,M,3
1721,M,4
1722,M,3
1723,F,4
1724,F,4
1725,M,4
1726,M,3
1727,M,3
1728,M,4
1729,M,2
1730,M,3
1731,F,4
1732,M,4
1733,F,3
1734,F,2
1735,M,3
1736,F,3
1737,F,2
1738,M,2
1739,M,2
1740,M,2
1741,M,3
1742,M,3
1743,F,3
1744,M,5
1745,F,3
1746,M,2
1747,M,2
1748,M,2
1749,M,3
1750,M,4
1751,M,4
1752,M,3
1753,M,3
1754,F,5
1755,M,4
1756,M,3
1757,F,2
1758,M,3
1759,F,5
1760,M,2
1761,M,2
1762,F,3
1763,M,4
1764,F,3
1765,M,2
1766,F,6
1767,F,4
1768,F,2
1769,F,2
1770,F,3
1771,F,4
1772,F,3
1773,M,2
1774,M,3
1775,M,2
1776,M,4
1777,M,5
1778,F,3
1779,M,2
1780,M,2
1781,F,2
1782,M,2
1783,M,3
1784,M,3
1785,M,4
1786,M,4
1787,M,4
1788,M,2
1789,F,3
1790,M,4
1791,F,5
1792,M,2
1793,M,4
1794,M,3
1795,M,2
1796,M,3
1797,M,2
1798,M,2
1799,M,3
1800,M,2
1801,F,3
1802,M,3
1803,F,2
1804,M,3
1805,M,2
1806,M,2
1807,M,3
1808,M,2
1809,M,5
1810,M,3
1811,M,2
1812,F,2
1813,M,2
1814,M,2
1815,M,3
1816,M,3
1817,F,2
1818,F,4
1819,F,4
1820,M,3
1821,F,2
1822,F,5
1823,F,5
1824,M,4
1825,F,3
1826,M,3
1827,F,3
1828,M,3
1829,M,2
1830,F,2
1831,M,3
1832,F,3
1833,F,2
1834,F,4
1835,M,2
1836,M,2
1837,M,3
1838,M,4
1839,M,3
1840,M,3
1841,F,3
1842,F,2
1843,M,2
1844,F,3
1845,F,2
1846,M,10
1847,F,10
1848,F,3
1849,F,2
1850,M,2
1851,M,3
1852,F,10
1853,F,10
1854,F,7
1855,M,10
1856,F,10
1857,F,10
1858,F,3
1859,M,3
1860,M,8
1861,M,7
1862,F,7
1863,M,7
1864,F,3
1865,M,3
1866,M,2
1867,M,2
1868,M,3
1869,F,3
1870,F,2
1871,F,4
1872,F,2
1873,M,2
1874,F,3
1875,F,4
1876,F,3
1877,F,3
1878,F,3
1879,F,2
1880,F,2
1881,F,3
1882,F,2
1883,M,10
1884,M,10
1885,F,3
1886,F,2
1887,F,2
1888,F,3
1889,F,10
1890,F,10
1891,F,7
1892,F,10
1893,F,10
1894,M,10
1895,M,3
1896,M,3
1897,M,8
1898,M,7
1899,F,7
1900,M,7
1901,M,3
1902,M,6
1903,M,4
1904,M,5
1905,F,5
1906,M,3
1907,F,3
1908,F,2
1909,M,3
1910,M,3
1911,F,3
1912,F,4
1913,M,3
1914,M,2
1915,F,3
1916,M,2
1917,M,2
1918,F,3
1919,F,2
1920,F,3
1921,F,2
1922,M,3
1923,F,3
1924,F,3
1925,F,2
1926,F,2
1927,M,4
1928,M,3
1929,F,2
1930,F,5
1931,M,4
1932,F,2
1933,F,2
1934,M,3
1935,M,4
1936,M,2
1937,M,2
1938,M,3
1939,M,3
1940,F,2
1941,F,4
1942,M,4
1943,F,4
1944,F,2
1945,F,3
1946,M,2
1947,M,3
1948,F,2
1949,M,4
1950,F,2
1951,M,2
1952,F,3
1953,M,3
1954,F,2
1955,M,3
1956,M,5
1957,M,3
1958,F,3
1959,F,3
1960,F,3
1961,F,3
1962,M,2
1963,F,4
1964,M,2
1965,F,4
1966,F,3
1967,M,3
1968,M,2
1969,F,2
1970,F,2
1971,M,3
1972,F,3
1973,M,2
1974,M,3
1975,M,3
1976,M,2
1977,M,3
1978,M,3
1979,F,2
1980,M,3
1981,M,2
1982,F,3
1983,M,4
1984,M,2
1985,F,2
1986,F,5
1987,M,2
1988,M,3
1989,M,6
1990,F,2
1991,M,4
1992,F,3
1993,M,3
1994,F,3
1995,F,3
1996,M,2
1997,F,2
1998,M,2
1999,F,3
2000,M,3
2001,F,3
2002,M,3
2003,F,2
2004,M,5
2005,M,6
2006,M,2
2007,F,2
2008,M,3
2009,F,3
2010,M,4
2011,M,3
2012,F,6
2013,M,3
2014,M,5
2015,F,3
2016,F,3
2017,M,3
2018,F,2
2019,F,4
2020,M,3
2021,F,3
2022,M,6
2023,F,2
2024,F,2
2025,F,3
2026,F,3
2027,F,3
2028,M,3
2029,F,3
2030,F,2
2031,M,3
2032,F,4
2033,F,2
2034,F,4
2035,M,2
2036,F,2
2037,M,2
2038,M,3
2039,M,2
2040,M,3
2041,M,5
2042,M,2
2043,M,3
2044,F,2
2045,M,5
2046,M,4
2047,M,6
2048,F,5
2049,F,2
2050,M,3
2051,M,2
2052,F,3
2053,M,2
2054,M,4
2055,M,2
2056,F,3
2057,M,3
2058,M,2
2059,M,2
2060,F,3
2061,M,3
2062,M,7
2063,M,2
2064,M,2
2065,F,4
2066,M,3
2067,F,3
2068,M,10
2069,F,7
2070,F,10
2071,M,10
2072,F,2
2073,M,10
2074,M,3
2075,F,2
2076,F,3
2077,F,10
2078,M,6
2079,F,4
2080,M,3
2081,F,3
2082,F,2
2083,M,2
2084,M,3
2085,M,3
2086,M,7
2087,F,2
2088,M,2
2089,F,4
2090,F,3
2091,F,3
2092,M,10
2093,M,7
2094,M,10
2095,M,10
2096,M,2
2097,M,10
2098,M,3
2099,F,2
2100,F,3
2101,F,10
2102,F,6
2103,M,3
2104,F,3
2105,F,3
2106,F,2
2107,F,4
2108,F,5
2109,M,3
2110,F,2
2111,F,3
2112,F,2
2113,M,3
2114,M,5
2115,F,3
2116,M,2
2117,M,4
2118,F,2
2119,F,2
2120,M,3
2121,M,2
2122,M,2
2123,F,2
2124,F,2
2125,F,5
2126,F,2
2127,F,4
2128,M,2
2129,F,4
2130,M,5
2131,M,3
2132,M,2
2133,F,3
2134,M,3
2135,M,2
2136,M,4
2137,M,2
2138,M,4
2139,M,2
2140,F,3
2141,F,3
2142,M,3
2143,F,3
2144,F,2
2145,M,3
2146,M,3
2147,F,6
2148,M,3
2149,F,3
2150,F,5
2151,M,2
2152,F,2
2153,M,2
2154,M,2
2155,F,4
2156,M,4
2157,M,2
2158,F,3
2159,M,2
2160,M,3
2161,F,2
2162,M,2
2163,M,3
2164,M,4
2165,F,3
2166,M,2
2167,F,3
2168,M,2
2169,M,2
2170,F,3
2171,M,2
2172,M,4
2173,M,3
2174,F,3
2175,F,3
2176,F,3
2177,F,3
2178,F,3
2179,F,3
2180,F,4
2181,M,3
2182,F,3
2183,M,3
2184,F,3
2185,F,2
2186,M,3
2187,M,3
2188,M,2
2189,F,3
2190,F,3
2191,F,2
2192,F,4
2193,F,3
2194,F,3
2195,F,3
2196,M,3
2197,M,2
2198,F,3
2199,F,3
2200,M,2
2201,F,5
2202,F,2
2203,F,3
2204,F,4
2205,M,5
2206,M,3
2207,M,3
2208,F,2
2209,F,2
2210,M,4
2211,M,2
2212,M,3
2213,F,5
2214,F,2
2215,F,2
2216,M,4
2217,M,3
2218,M,4
2219,F,3
2220,M,4
2221,M,6
2222,M,2
2223,F,3
2224,M,2
2225,F,3
2226,M,2
2227,M,4
2228,F,3
2229,M,2
2230,F,3
2231,M,2
2232,F,3
2233,M,3
2234,M,3
2235,F,3
2236,F,3
2237,M,3
2238,M,2
2239,F,3
2240,F,2
2241,M,3
2242,M,2
2243,F,4
2244,F,3
2245,M,4
2246,F,2
2247,F,2
2248,M,2
2249,M,3
2250,M,2
2251,F,3
2252,M,2
2253,M,2
2254,M,3
2255,M,3
2256,F,2
2257,F,3
2258,F,3
2259,F,4
2260,M,4
2261,M,4
2262,F,3
2263,F,6
2264,F,3
2265,F,4
2266,F,3
2267,F,3
2268,F,4
2269,F,4
2270,F,3
2271,F,3
2272,F,3
2273,F,6
2274,M,2
2275,M,2
2276,M,3
2277,M,2
2278,F,3
2279,F,3
2280,M,3
2281,M,10
2282,F,3
2283,F,3
2284,F,3
2285,F,8
2286,F,2
2287,F,2
2288,M,6
2289,F,2
2290,F,2
2291,F,4
2292,M,3
2293,M,4
2294,F,3
2295,F,4
2296,F,3
2297,F,3
2298,M,4
2299,F,4
2300,F,3
2301,F,3
2302,F,3
2303,F,6
2304,F,2
2305,M,2
2306,M,3
2307,M,2
2308,M,3
2309,M,3
2310,F,3
2311,F,10
2312,F,3
2313,F,3
2314,F,3
2315,M,8
2316,F,2
2317,M,2
2318,M,6
2319,F,2
2320,F,2
2321,F,4
2322,F,3
2323,M,4
2324,M,3
2325,M,3
2326,F,2
2327,M,3
2328,F,6
2329,M,3
2330,F,4
2331,M,2
2332,M,2
2333,F,4
2334,F,5
2335,M,5
2336,F,3
2337,F,6
2338,F,3
2339,F,4
2340,F,2
2341,M,3
2342,F,2
2343,F,3
2344,F,2
2345,F,3
2346,F,3
2347,F,3
2348,F,2
2349,F,3
2350,F,3
2351,M,3
2352,M,4
2353,F,6
2354,F,3
2355,F,3
2356,M,4
2357,M,2
2358,F,3
2359,M,2
2360,M,3
2361,F,5
2362,F,3
2363,F,3
2364,M,2
2365,M,4
2366,M,2
2367,M,3
2368,F,2
2369,F,2
2370,M,3
2371,F,4
2372,M,3
2373,M,3
2374,F,3
2375,F,4
2376,F,3
2377,F,3
2378,M,4
2379,M,3
2380,M,3
2381,F,3
2382,M,3
2383,F,3
2384,M,5
2385,M,3
2386,F,2
2387,F,3
2388,F,3
2389,F,2
2390,F,2
2391,M,3
2392,F,2
2393,F,3
2394,M,3
2395,M,3
2396,F,3
2397,F,3
2398,M,2
2399,M,2
2400,M,6
2401,F,3
2402,F,3
2403,F,4
2404,F,4
2405,F,2
2406,F,3
2407,M,3
2408,M,2
2409,M,6
2410,F,2
2411,M,4
2412,M,6
2413,F,2
2414,F,3
2415,F,5
2416,F,2
2417,F,2
2418,M,2
2419,F,2
2420,M,3
2421,F,5
2422,M,5
2423,F,2
2424,M,2
2425,F,2
2426,F,2
2427,F,2
2428,M,3
2429,F,3
2430,F,3
2431,F,2
2432,M,3
2433,F,4
2434,M,3
2435,M,2
2436,F,2
2437,F,2
2438,F,3
2439,M,3
2440,M,3
2441,F,3
2442,M,3
2443,M,2
2444,F,3
2445,M,2
2446,M,3
2447,F,2
2448,F,4
2449,F,3
2450,M,4
2451,F,3
2452,M,4
2453,M,2
2454,F,3
2455,F,2
2456,M,2
2457,F,3
2458,M,3
2459,M,3
2460,F,3
2461,M,2
2462,M,3
2463,M,4
2464,M,6
2465,M,2
2466,M,3
2467,F,3
2468,F,3
2469,M,3
2470,M,3
2471,F,2
2472,M,3
2473,F,3
2474,F,4
2475,F,3
2476,M,3
2477,F,3
2478,M,4
2479,M,3
2480,F,2
2481,M,3
2482,M,3
2483,M,4
2484,F,6
2485,M,3
2486,M,2
2487,F,2
2488,M,2
2489,F,3
2490,F,3
2491,M,2
2492,F,2
2493,M,4
2494,F,3
2495,F,3
2496,F,3
2497,M,3
2498,M,4
2499,F,3
2500,M,2
2501,F,6
2502,M,2
2503,M,2
2504,F,2
2505,M,8
2506,M,6
2507,F,3
2508,M,2
2509,M,10
2510,M,2
2511,M,6
2512,F,2
2513,F,3
2514,F,2
2515,M,2
2516,M,3
2517,F,3
2518,F,2
2519,M,3
2520,F,3
2521,M,10
2522,M,10
2523,M,3
2524,M,10
2525,M,3
2526,M,3
2527,F,3
2528,M,3
2529,M,8
2530,M,3
2531,F,2
2532,F,3
2533,F,3
2534,F,3
2535,F,3
2536,F,4
2537,F,3
2538,F,2
2539,M,6
2540,F,2
2541,F,2
2542,M,2
2543,M,8
2544,M,6
2545,F,3
2546,F,2
2547,M,10
2548,F,2
2549,M,6
2550,M,2
2551,F,3
2552,F,2
2553,M,2
2554,F,3
2555,F,3
2556,M,2
2557,F,3
2558,M,3
2559,M,10
2560,F,10
2561,F,3
2562,M,10
2563,F,3
2564,F,3
2565,F,3
2566,M,3
2567,F,8
2568,F,3
2569,F,2
2570,F,2
2571,F,3
2572,M,4
2573,F,5
2574,M,3
2575,F,2
2576,M,4
2577,M,3
2578,M,2
2579,M,2
2580,F,5
2581,M,2
2582,F,2
2583,F,2
2584,F,4
2585,F,2
2586,M,2
2587,F,2
2588,M,6
2589,M,2
2590,F,2
2591,F,3
2592,M,4
2593,F,3
2594,F,3
2595,M,4
2596,M,3
2597,F,3
2598,F,3
2599,F,3
2600,M,2
2601,F,2
2602,M,3
2603,F,2
2604,M,2
2605,M,3
2606,M,3
2607,M,3
2608,F,3
2609,M,3
2610,M,3
2611,F,3
2612,M,4
2613,M,2
2614,F,5
2615,M,5
2616,M,6
2617,F,2
2618,F,2
2619,M,2
2620,F,2
2621,M,2
2622,M,2
2623,F,3
2624,M,3
2625,F,3
2626,M,2
2627,F,3
2628,M,2
2629,M,2
2630,F,2
2631,M,2
2632,F,3
2633,F,3
2634,F,6
2635,F,3
2636,M,3
2637,M,3
2638,F,4
2639,M,3
2640,F,5
2641,F,2
2642,F,2
2643,F,3
2644,F,3
2645,F,2
2646,M,3
2647,M,3
2648,M,3
2649,M,4
2650,M,3
2651,F,4
2652,M,4
2653,F,3
2654,M,3
2655,F,3
2656,F,5
2657,M,3
2658,M,3
2659,M,4
2660,F,3
2661,F,5
2662,M,4
2663,M,4
2664,F,2
2665,M,2
2666,M,3
2667,M,3
2668,M,4
2669,M,3
2670,F,2
2671,F,2
2672,F,2
2673,F,4
2674,M,3
2675,F,2
2676,F,3
2677,F,4
2678,F,3
2679,M,2
2680,F,2
2681,M,2
2682,F,3
2683,F,5
2684,M,3
2685,F,4
2686,F,4
2687,F,2
2688,F,3
2689,F,3
2690,F,3
2691,F,4
2692,F,2
2693,F,3
2694,F,3
2695,F,5
2696,F,2
2697,M,2
2698,M,2
2699,F,3
2700,F,3
2701,F,2
2702,M,2
2703,F,3
2704,F,2
2705,M,3
2706,F,5
2707,F,3
2708,M,3
2709,F,3
2710,F,3
2711,M,3
2712,M,2
2713,M,5
2714,M,3
2715,M,3
2716,M,2
2717,M,3
2718,M,3
2719,F,3
2720,F,2
2721,M,3
2722,F,3
2723,M,4
2724,F,4
2725,M,3
2726,F,3
2727,F,4
2728,F,2
2729,M,3
2730,M,2
2731,M,3
2732,F,2
2733,F,3
2734,M,3
2735,M,5
2736,M,3
2737,F,4
2738,M,4
2739,F,3
2740,M,2
2741,F,5
2742,F,3
2743,M,3
2744,M,4
2745,M,5
2746,M,3
2747,M,3
2748,M,3
2749,F,3
2750,F,7
2751,M,8
2752,F,7
2753,F,7
2754,M,4
2755,M,7
2756,F,3
2757,F,3
2758,M,2
2759,F,7
2760,M,3
2761,F,10
2762,F,2
2763,F,2
2764,F,4
2765,M,4
2766,M,3
2767,F,2
2768,M,5
2769,M,3
2770,M,3
2771,F,4
2772,M,5
2773,F,3
2774,M,3
2775,F,3
2776,M,3
2777,F,7
2778,F,8
2779,F,7
2780,F,7
2781,M,4
2782,M,7
2783,F,3
2784,F,3
2785,M,2
2786,F,7
2787,M,3
2788,F,10
2789,F,2
2790,F,2
2791,M,5
2792,M,3
2793,F,3
2794,F,3
2795,F,2
2796,M,4
2797,F,2
2798,F,2
2799,F,3
2800,F,4
2801,F,2
2802,M,3
2803,M,3
2804,F,4
2805,F,2
2806,F,3
2807,M,4
2808,F,2
2809,M,4
2810,M,2
2811,F,2
2812,F,2
2813,F,3
2814,M,4
2815,M,2
2816,M,3
2817,F,2
2818,M,3
2819,F,3
2820,F,2
2821,M,4
2822,F,2
2823,M,2
2824,F,2
2825,M,3
2826,M,2
2827,F,3
2828,F,5
2829,M,4
2830,M,3
2831,M,3
2832,M,3
2833,F,5
2834,F,4
2835,M,6
2836,M,3
2837,F,2
2838,F,3
2839,M,2
2840,F,2
2841,F,2
2842,M,3
2843,F,2
2844,M,3
2845,F,2
2846,F,3
2847,F,2
2848,M,3
2849,M,2
2850,M,5
2851,M,2
2852,M,2
2853,F,3
2854,F,3
2855,F,2
2856,M,6
2857,F,2
2858,M,3
2859,M,3
2860,M,3
2861,F,2
2862,F,4
2863,F,3
2864,M,2
2865,F,3
2866,M,2
2867,F,2
2868,F,4
2869,F,3
2870,F,2
2871,F,3
2872,F,4
2873,M,4
2874,M,2
2875,F,2
2876,F,6
2877,M,3
2878,F,3
2879,M,3
2880,M,2
2881,M,3
2882,F,2
2883,M,3
2884,M,3
2885,M,6
2886,M,3
2887,F,4
2888,F,2
2889,M,3
2890,M,3
2891,M,5
2892,M,2
2893,M,3
2894,M,3
2895,F,2
2896,F,2
2897,M,2
2898,F,2
2899,M,3
2900,F,2
2901,M,3
2902,M,4
2903,F,2
2904,F,3
2905,F,4
2906,M,3
2907,F,4
2908,F,2
2909,M,2
2910,M,2
2911,F,3
2912,M,3
2913,F,3
2914,F,5
2915,F,2
2916,M,3
2917,M,2
2918,M,3
2919,M,3
2920,M,3
2921,M,4
2922,M,2
2923,F,3
2924,F,3
2925,F,4
2926,F,3
2927,M,3
2928,M,2
2929,F,6
2930,M,6
2931,F,3
2932,F,3
2933,F,3
2934,F,4
2935,F,3
2936,M,3
2937,F,5
2938,M,4
2939,F,5
2940,M,2
2941,M,3
2942,F,4
2943,M,2
2944,M,3
2945,F,3
2946,F,3
2947,F,6
2948,M,3
2949,F,3
2950,F,4
2951,F,4
2952,M,3
2953,M,3
2954,F,3
2955,M,2
2956,M,2
2957,M,2
2958,F,3
2959,F,3
2960,F,3
2961,F,8
2962,F,3
2963,M,8
2964,M,3
2965,F,3
2966,F,2
2967,F,4
2968,F,4
2969,M,3
2970,M,3
2971,F,3
2972,M,2
2973,M,2
2974,F,2
2975,M,3
2976,M,3
2977,M,3
2978,F,8
2979,F,3
2980,M,8
2981,M,3
2982,F,3
2983,F,2
2984,M,4
2985,M,6
2986,F,4
2987,F,3
2988,F,5
2989,M,4
2990,M,4
2991,M,4
2992,F,5
2993,F,3
2994,M,4
2995,M,3
2996,F,6
2997,M,4
2998,F,4
2999,F,4
3000,M,2
3001,F,3
3002,M,3
3003,M,3
3004,F,4
3005,M,2
3006,F,3
3007,M,3
3008,F,3
3009,F,2
3010,F,6
3011,F,2
3012,F,4
3013,M,2
3014,F,3
3015,F,2
3016,M,2
3017,M,3
3018,M,2
3019,F,2
3020,F,2
3021,F,4
3022,M,3
3023,F,2
3024,M,3
3025,F,4
3026,M,4
3027,M,2
3028,F,3
3029,F,4
3030,M,3
3031,F,3
3032,M,2
3033,M,4
3034,M,2
3035,M,4
3036,M,2
3037,M,3
3038,F,2
3039,F,4
3040,M,3
3041,F,3
3042,M,4
3043,F,3
3044,F,3
3045,M,3
3046,M,2
3047,M,3
3048,F,2
3049,F,4
3050,F,4
3051,F,3
3052,M,3
3053,M,3
3054,F,2
3055,M,3
3056,F,5
3057,F,3
3058,M,4
3059,M,4
3060,F,2
3061,F,2
3062,M,4
3063,F,5
3064,M,4
3065,M,4
3066,F,3
3067,M,3
3068,M,4
3069,M,3
3070,M,2
3071,M,4
3072,M,2
3073,M,2
3074,M,3
3075,M,2
3076,F,2
3077,M,2
3078,M,5
3079,M,2
3080,F,2
3081,M,3
3082,F,2
3083,M,2
3084,M,2
3085,F,2
3086,F,3
3087,M,2
3088,F,2
3089,M,2
3090,M,3
3091,F,2
3092,M,3
3093,F,6
3094,M,6
3095,F,3
3096,M,2
3097,M,2
3098,M,3
3099,M,4
3100,M,3
3101,M,3
3102,F,3
3103,F,2
3104,M,3
3105,M,3
3106,F,6
3107,F,3
3108,F,2
3109,M,4
3110,F,4
3111,M,4
3112,F,2
3113,F,3
3114,M,3
3115,M,3
3116,F,3
3117,F,2
3118,M,4
3119,M,4
3120,F,5
3121,F,2
3122,F,3
3123,F,4
3124,F,3
3125,F,2
3126,F,3
3127,F,3
3128,M,2
3129,M,3
3130,F,2
3131,M,4
3132,M,3
3133,F,3
3134,M,3
3135,M,2
3136,M,3
3137,M,3
3138,M,3
3139,M,4
3140,M,3
3141,M,4
3142,F,5
3143,F,3
3144,M,3
3145,M,3
3146,F,2
3147,M,3
3148,F,3
3149,M,3
3150,M,3
3151,F,8
3152,M,10
3153,F,6
3154,M,10
3155,F,3
3156,M,3
3157,M,3
3158,F,3
3159,F,5
3160,F,8
3161,F,5
3162,F,7
3163,M,10
3164,M,3
3165,M,5
3166,M,3
3167,M,3
3168,M,3
3169,F,6
3170,M,4
3171,F,3
3172,F,2
3173,F,3
3174,M,3
3175,F,3
3176,M,3
3177,M,8
3178,F,10
3179,M,6
3180,F,10
3181,M,3
3182,F,3
3183,M,3
3184,F,3
3185,M,5
3186,F,8
3187,F,5
3188,M,7
3189,M,10
3190,M,3
3191,M,5
3192,F,3
3193,M,3
3194,M,3
3195,M,6
3196,M,4
3197,M,4
3198,M,2
3199,F,5
3200,M,5
3201,M,3
3202,M,4
3203,F,2
3204,M,3
3205,F,3
3206,F,3
3207,F,2
3208,F,5
3209,M,2
3210,M,2
3211,F,2
3212,M,2
3213,F,3
3214,M,3
3215,F,4
3216,M,3
3217,M,2
3218,M,4
3219,F,3
3220,F,2
3221,M,2
3222,M,2
3223,M,2
3224,F,3
3225,F,3
3226,M,2
3227,M,3
3228,M,3
3229,M,5
3230,M,2
3231,F,6
3232,F,3
3233,M,2
3234,M,3
3235,M,2
3236,M,2
3237,F,2
3238,F,3
3239,F,3
3240,F,3
3241,F,3
3242,M,3
3243,F,3
3244,M,3
3245,M,4
3246,M,3
3247,M,3
3248,M,3
3249,F,3
3250,F,2
3251,F,2
3252,M,2
3253,F,3
3254,F,3
3255,M,3
3256,F,4
3257,M,3
3258,F,3
3259,F,3
3260,F,3
3261,F,3
3262,F,2
3263,F,4
3264,M,3
3265,M,2
3266,M,3
3267,F,4
3268,F,2
3269,F,3
3270,F,3
3271,M,2
3272,F,2
3273,M,4
3274,F,2
3275,M,3
3276,F,4
3277,F,3
3278,F,3
3279,M,2
3280,F,2
3281,F,2
3282,F,2
3283,F,3
3284,M,3
3285,F,2
3286,M,3
3287,F,3
3288,M,3
3289,F,4
3290,M,2
3291,F,2
3292,M,2
3293,M,4
3294,M,4
3295,F,3
3296,M,2
3297,F,2
3298,M,2
3299,M,3
3300,F,3
3301,F,3
3302,M,3
3303,F,2
3304,M,2
3305,M,2
3306,F,2
3307,F,3
3308,M,2
3309,F,4
3310,M,3
3311,F,3
3312,M,2
3313,M,3
3314,F,2
3315,M,2
3316,M,2
3317,M,2
3318,M,3
3319,M,2
3320,F,2
3321,F,2
3322,M,6
3323,M,3
3324,F,2
3325,M,3
3326,M,3
3327,M,3
3328,M,3
3329,M,2
3330,M,2
3331,M,6
3332,M,2
3333,F,5
3334,F,3
3335,M,5
3336,F,2
3337,M,3
3338,F,4
3339,F,2
3340,F,2
3341,M,2
3342,M,4
3343,M,3
3344,F,3
3345,F,2
3346,F,4
3347,M,4
3348,F,2
3349,M,4
3350,M,2
3351,M,2
3352,M,3
3353,M,2
3354,M,3
3355,M,4
3356,F,3
3357,F,8
3358,M,6
3359,M,8
3360,F,3
3361,F,5
3362,F,3
3363,F,3
3364,M,3
3365,M,3
3366,M,3
3367,F,3
3368,F,8
3369,F,2
3370,F,5
3371,M,4
3372,F,2
3373,F,4
3374,F,2
3375,M,2
3376,F,3
3377,F,2
3378,M,3
3379,F,4
3380,M,3
3381,F,8
3382,F,6
3383,F,8
3384,M,3
3385,F,5
3386,M,3
3387,F,3
3388,M,3
3389,M,3
3390,M,3
3391,M,3
3392,M,8
3393,F,2
3394,M,6
3395,M,3
3396,M,4
3397,M,5
3398,F,3
3399,M,4
3400,F,3
3401,F,3
3402,F,2
3403,F,3
3404,F,2
3405,M,4
3406,M,2
3407,M,3
3408,F,3
3409,M,3
3410,M,3
3411,F,3
3412,M,3
3413,F,2
3414,M,3
3415,F,4
3416,M,3
3417,F,4
3418,F,4
3419,F,3
3420,M,3
3421,M,2
3422,M,2
3423,M,4
3424,F,3
3425,F,2
3426,M,3
3427,M,5
3428,F,5
3429,F,3
3430,M,6
3431,M,2
3432,M,3
3433,M,4
3434,M,3
3435,M,4
3436,F,2
3437,M,2
3438,F,3
3439,M,3
3440,M,3
3441,M,2
3442,M,5
3443,M,2
3444,F,2
3445,M,5
3446,M,2
3447,M,2
3448,F,3
3449,F,4
3450,M,4
3451,F,3
3452,M,3
3453,F,2
3454,M,3
3455,F,3
3456,F,4
3457,M,6
3458,F,3
3459,F,2
3460,F,2
3461,F,2
3462,M,2
3463,M,2
3464,F,2
3465,M,4
3466,M,3
3467,F,3
3468,F,3
3469,F,3
3470,F,3
3471,M,3
3472,F,2
3473,M,3
3474,M,4
3475,M,5
3476,F,5
3477,F,4
3478,F,3
3479,M,3
3480,M,4
3481,M,3
3482,M,4
3483,F,4
3484,F,3
3485,M,4
3486,F,2
3487,F,3
3488,F,3
3489,M,3
3490,M,4
3491,F,4
3492,M,3
3493,F,2
3494,M,3
3495,M,3
3496,F,2
3497,F,2
3498,F,2
3499,F,2
3500,M,2
3501,F,6
3502,M,3
3503,M,2
3504,F,2
3505,M,2
3506,M,2
3507,F,3
3508,F,3
3509,M,4
3510,F,3
3511,F,3
3512,M,3
3513,F,3
3514,M,4
3515,M,3
3516,F,2
3517,F,3
3518,M,3
3519,M,2
3520,M,4
3521,F,3
3522,M,2
3523,F,4
3524,M,3
3525,M,2
3526,F,3
3527,M,4
3528,M,3
3529,M,2
3530,M,3
3531,F,3
3532,F,3
3533,M,4
3534,M,3
3535,M,2
3536,F,5
3537,M,2
3538,F,3
3539,F,3
3540,F,3
3541,M,4
3542,F,2
3543,F,3
3544,F,3
3545,M,4
3546,M,3
3547,M,3
3548,M,3
3549,M,4
3550,F,3
3551,F,2
3552,M,4
3553,F,3
3554,F,2
3555,F,3
3556,F,3
3557,M,2
3558,M,2
3559,M,2
3560,F,7
3561,F,10
3562,M,2
3563,F,3
3564,M,10
3565,F,3
3566,F,8
3567,F,3
3568,M,2
3569,M,3
3570,M,4
3571,M,2
3572,F,3
3573,M,10
3574,M,4
3575,F,3
3576,M,6
3577,F,4
3578,M,3
3579,F,2
3580,M,4
3581,M,3
3582,F,2
3583,F,3
3584,F,3
3585,M,2
3586,M,2
3587,F,2
3588,M,7
3589,M,10
3590,M,2
3591,M,3
3592,F,10
3593,M,3
3594,M,8
3595,F,3
3596,F,2
3597,M,3
3598,F,4
3599,M,2
3600,F,3
3601,M,10
3602,F,4
3603,F,3
3604,M,6
3605,M,5
3606,M,2
3607,M,3
3608,M,4
3609,M,3
3610,M,5
3611,M,4
3612,M,3
3613,M,2
3614,F,2
3615,M,2
3616,F,5
3617,F,3
3618,F,5
3619,F,2
3620,M,2
3621,M,2
3622,M,3
3623,F,3
3624,F,3
3625,M,3
3626,F,2
3627,F,3
3628,F,4
3629,M,3
3630,M,2
3631,M,2
3632,F,3
3633,F,2
3634,F,5
3635,M,4
3636,M,6
3637,M,3
3638,M,3
3639,F,5
3640,M,2
3641,M,3
3642,M,3
3643,F,4
3644,F,3
3645,F,4
3646,F,3
3647,M,3
3648,F,3
3649,F,2
3650,F,6
3651,M,3
3652,M,3
3653,F,3
3654,M,3
3655,F,3
3656,F,3
3657,M,3
3658,M,6
3659,F,3
3660,F,3
3661,M,2
3662,F,2
3663,F,2
3664,F,2
3665,M,5
3666,F,6
3667,F,3
3668,F,3
3669,F,2
3670,M,2
3671,M,2
3672,M,4
3673,F,3
3674,M,2
3675,F,4
3676,M,3
3677,F,5
3678,M,6
3679,F,3
3680,F,2
3681,M,3
3682,M,3
3683,F,3
3684,M,4
3685,F,2
3686,M,2
3687,M,3
3688,M,3
3689,F,2
3690,M,3
3691,F,3
3692,M,2
3693,M,2
3694,M,3
3695,F,3
3696,M,3
3697,F,6
3698,M,2
3699,F,3
3700,M,3
3701,F,3
3702,M,2
3703,M,2
3704,M,4
3705,M,4
3706,F,2
3707,M,2
3708,M,2
3709,M,4
3710,M,5
3711,M,3
3712,M,5
3713,F,5
3714,M,2
3715,F,3
3716,M,2
3717,F,4
3718,F,3
3719,F,3
3720,M,4
3721,M,2
3722,F,4
3723,F,3
3724,M,3
3725,M,3
3726,M,5
3727,M,3
3728,F,4
3729,M,3
3730,F,3
3731,F,6
3732,F,3
3733,M,4
3734,F,5
3735,F,3
3736,F,3
3737,M,2
3738,M,3
3739,F,2
3740,F,3
3741,F,3
3742,M,3
3743,M,3
3744,F,2
3745,M,4
3746,F,4
3747,M,2
3748,F,2
3749,M,2
3750,M,2
3751,F,2
3752,M,2
3753,M,2
3754,F,2
3755,F,4
3756,F,3
3757,F,4
3758,F,5
3759,F,4
3760,F,3
3761,M,2
3762,F,3
3763,F,5
3764,F,3
3765,M,3
3766,F,2
3767,M,4
3768,M,3
3769,M,4
3770,M,3
3771,M,3
3772,M,4
3773,F,8
3774,F,6
3775,F,2
3776,F,7
3777,M,10
3778,M,2
3779,F,3
3780,F,2
3781,F,2
3782,F,3
3783,F,2
3784,M,10
3785,M,10
3786,F,3
3787,F,10
3788,M,4
3789,M,3
3790,F,10
3791,M,2
3792,M,10
3793,F,3
3794,F,3
3795,F,2
3796,F,3
3797,F,5
3798,M,3
3799,M,3
3800,F,2
3801,M,4
3802,F,3
3803,F,4
3804,M,3
3805,M,3
3806,F,4
3807,M,8
3808,F,6
3809,M,2
3810,F,7
3811,F,10
3812,F,2
3813,M,3
3814,M,2
3815,F,2
3816,M,3
3817,M,2
3818,F,10
3819,M,10
3820,F,3
3821,M,10
3822,M,4
3823,M,3
3824,F,10
3825,M,2
3826,M,10
3827,M,3
3828,M,4
3829,F,2
3830,M,3
3831,M,5
3832,M,3
3833,F,3
3834,M,4
3835,F,3
3836,M,4
3837,F,2
3838,F,2
3839,F,4
3840,M,3
3841,F,2
3842,M,3
3843,M,2
3844,F,6
3845,M,3
3846,M,3
3847,M,3
3848,M,4
3849,M,2
3850,F,2
3851,F,4
3852,F,3
3853,F,4
3854,F,3
3855,F,3
3856,F,4
3857,M,3
3858,F,2
3859,M,4
3860,M,3
3861,M,2
3862,M,2
3863,F,3
3864,F,6
3865,M,6
3866,M,3
3867,M,2
3868,M,2
3869,F,3
3870,F,2
3871,M,3
3872,M,4
3873,M,3
3874,M,3
3875,F,3
3876,M,3
3877,F,2
3878,M,6
3879,M,4
3880,M,3
3881,F,4
3882,F,3
3883,M,3
3884,F,3
3885,M,2
3886,F,5
3887,M,3
3888,M,2
3889,M,2
3890,F,2
3891,M,3
3892,M,2
3893,F,2
3894,F,4
3895,F,3
3896,M,2
3897,M,2
3898,M,3
3899,F,2
3900,M,2
3901,M,3
3902,M,3
3903,F,3
3904,F,3
3905,M,3
3906,F,4
3907,F,5
3908,M,3
3909,M,2
3910,M,2
3911,F,3
3912,M,4
3913,F,5
3914,F,3
3915,F,5
3916,M,3
3917,M,2
3918,M,5
3919,F,4
3920,F,2
3921,F,3
3922,M,2
3923,F,3
3924,F,4
3925,F,2
3926,M,4
3927,F,3
3928,M,3
3929,M,4
3930,M,4
3931,F,5
3932,F,6
3933,M,4
3934,M,3
3935,F,3
3936,M,2
3937,F,2
3938,F,2
3939,F,3
3940,M,3
3941,M,2
3942,M,4
3943,F,4
3944,M,2
3945,M,2
3946,M,2
3947,F,6
3948,M,3
3949,M,3
3950,F,3
3951,M,2
3952,M,3
3953,M,4
3954,F,2
3955,M,4
3956,F,5
3957,M,3
3958,F,3
3959,M,4
3960,M,3
3961,M,3
3962,M,2
3963,M,3
3964,F,3
3965,F,2
3966,M,3
3967,F,2
3968,M,2
3969,F,3
3970,F,3
3971,F,3
3972,M,2
3973,F,3
3974,F,2
3975,F,3
3976,F,2
3977,M,3
3978,M,2
3979,M,2
3980,M,3
3981,M,2
3982,F,3
3983,M,3
3984,M,2
3985,F,5
3986,M,5
3987,M,2
3988,M,2
3989,F,3
3990,F,3
3991,M,3
3992,F,3
3993,F,5
3994,M,3
3995,F,4
3996,M,2
3997,M,2
3998,M,2
3999,M,3
4000,F,3
4001,F,6
4002,M,3
4003,M,3
4004,F,3
4005,M,3
4006,F,2
4007,M,4
4008,M,3
4009,M,4
4010,F,2
4011,F,3
4012,M,3
4013,M,3
4014,F,2
4015,F,3
4016,F,3
4017,F,4
4018,M,3
4019,F,3
4020,M,3
4021,M,3
4022,M,3
4023,F,4
4024,M,3
4025,F,2
4026,F,3
4027,F,3
4028,F,2
4029,M,3
4030,F,2
4031,M,2
4032,F,3
4033,M,3
4034,F,3
4035,M,2
4036,M,2
4037,M,6
4038,F,6
4039,F,8
4040,F,6
4041,F,3
4042,M,2
4043,F,3
4044,F,3
4045,F,3
4046,F,8
4047,F,4
4048,F,3
4049,M,3
4050,M,3
4051,F,7
4052,F,7
4053,F,10
4054,F,10
4055,M,4
4056,F,2
4057,F,3
4058,M,3
4059,F,2
4060,M,3
4061,F,2
4062,M,2
4063,F,3
4064,F,3
4065,F,3
4066,M,2
4067,M,2
4068,F,6
4069,F,6
4070,F,8
4071,F,6
4072,F,3
4073,F,2
4074,F,3
4075,M,3
4076,M,3
4077,F,8
4078,F,4
4079,F,3
4080,M,3
4081,F,3
4082,M,7
4083,M,7
4084,M,10
4085,F,10
4086,M,4
4087,F,2
4088,M,2
4089,F,4
4090,M,2
4091,M,4
4092,F,5
4093,F,3
4094,M,3
4095,M,6
4096,F,2
4097,M,3
4098,M,5
4099,F,3
4100,F,3
4101,F,3
4102,M,3
4103,M,5
4104,F,3
4105,F,2
4106,F,3
4107,F,5
4108,F,2
4109,F,3
4110,F,3
4111,M,3
4112,F,2
4113,F,5
4114,M,2
4115,M,3
4116,F,3
4117,F,4
4118,M,3
4119,F,3
4120,M,3
4121,F,2
4122,F,3
4123,M,2
4124,M,3
4125,M,2
4126,F,4
4127,M,3
4128,M,4
4129,M,4
4130,M,2
4131,M,4
4132,F,6
4133,M,3
4134,F,4
4135,F,4
4136,M,3
4137,M,3
4138,M,5
4139,F,2
4140,F,2
4141,M,3
4142,F,3
4143,F,2
4144,F,3
4145,M,4
4146,M,4
4147,F,3
4148,F,3
4149,M,4
4150,M,2
4151,F,2
4152,F,2
4153,M,3
4154,F,3
4155,F,2
4156,M,2
4157,F,3
4158,M,2
4159,M,4
4160,M,4
4161,M,3
4162,M,2
4163,M,3
4164,M,3
4165,M,4
4166,F,3
4167,M,3
4168,F,3
4169,M,2
4170,M,2
4171,F,3
4172,F,2
4173,M,3
4174,M,2
4175,F,5
4176,F,2
4177,M,3
4178,M,3
4179,M,3
4180,F,3
4181,M,2
4182,F,2
4183,F,6
4184,F,3
4185,M,2
4186,M,4
4187,F,2
4188,F,3
4189,M,5
4190,F,2
4191,M,2
4192,M,3
4193,M,4
4194,F,3
4195,F,3
4196,M,4
4197,F,2
4198,F,3
4199,F,4
4200,F,3
4201,M,3
4202,F,2
4203,M,3
4204,M,4
4205,F,3
4206,M,3
4207,F,3
4208,F,2
4209,F,3
4210,M,3
4211,M,3
4212,F,2
4213,M,3
4214,M,3
4215,F,3
4216,F,3
4217,M,4
4218,M,3
4219,F,3
4220,M,3
4221,F,3
4222,F,2
4223,M,4
4224,F,2
4225,M,2
4226,M,2
4227,F,2
4228,M,2
4229,M,3
4230,F,4
4231,M,3
4232,F,2
4233,M,2
4234,M,3
4235,F,3
4236,M,3
4237,F,2
4238,M,3
4239,M,2
4240,F,3
4241,M,4
4242,F,3
4243,F,5
4244,M,2
4245,M,3
4246,M,3
4247,F,3
4248,M,3
4249,M,4
4250,F,2
4251,M,5
4252,M,3
4253,M,4
4254,F,2
4255,M,4
4256,F,3
4257,F,2
4258,F,2
4259,M,3
4260,F,2
4261,F,3
4262,F,4
4263,M,4
4264,F,4
4265,M,6
4266,F,3
4267,F,3
4268,F,4
4269,F,2
4270,M,4
4271,F,5
4272,M,3
4273,M,3
4274,F,3
4275,M,2
4276,M,3
4277,F,4
4278,F,2
4279,F,10
4280,M,3
4281,F,3
4282,F,3
4283,F,2
4284,F,6
4285,F,4
4286,F,4
4287,F,7
4288,F,3
4289,M,3
4290,F,8
4291,M,4
4292,M,10
4293,M,3
4294,M,3
4295,F,3
4296,F,3
4297,F,2
4298,M,4
4299,M,3
4300,F,3
4301,M,3
4302,F,2
4303,M,3
4304,F,4
4305,F,2
4306,M,10
4307,F,3
4308,F,3
4309,F,3
4310,F,2
4311,F,6
4312,M,4
4313,F,4
4314,M,7
4315,M,3
4316,F,3
4317,M,8
4318,F,4
4319,F,10
4320,F,3
4321,F,3
4322,M,3
4323,F,3
4324,M,2
4325,M,5
4326,M,4
4327,F,6
4328,M,4
4329,F,2
4330,F,2
4331,M,4
4332,M,3
4333,M,2
4334,M,6
4335,F,3
4336,F,5
4337,F,3
4338,F,3
4339,M,4
4340,F,3
4341,F,3
4342,M,2
4343,M,2
4344,F,2
4345,F,5
4346,M,3
4347,F,5
4348,M,4
4349,M,5
4350,M,3
4351,M,4
4352,F,3
4353,M,2
4354,F,2
4355,M,4
4356,M,4
4357,M,3
4358,M,3
4359,F,4
4360,F,2
4361,M,2
4362,F,5
4363,F,2
4364,M,3
4365,F,2
4366,M,6
4367,F,3
4368,M,2
4369,M,3
4370,M,3
4371,M,3
4372,M,2
4373,M,3
4374,M,4
4375,M,3
4376,F,3
4377,M,3
4378,F,3
4379,F,4
4380,F,2
4381,M,4
4382,M,2
4383,M,4
4384,M,2
4385,M,2
4386,M,4
4387,F,2
4388,F,3
4389,M,4
4390,F,2
4391,M,2
4392,M,5
4393,M,3
4394,M,2
4395,M,3
4396,F,3
4397,F,3
4398,F,4
4399,M,3
4400,F,6
4401,M,6
4402,F,2
4403,F,2
4404,F,3
4405,M,3
4406,F,3
4407,M,3
4408,F,5
4409,M,3
4410,F,5
4411,F,3
4412,M,4
4413,F,2
4414,F,2
4415,F,2
4416,M,3
4417,M,3
4418,M,2
4419,F,3
4420,M,3
4421,F,2
4422,M,4
4423,M,2
4424,M,2
4425,M,2
4426,F,3
4427,F,2
4428,M,3
4429,F,3
4430,M,3
4431,M,3
4432,M,3
4433,F,2
4434,M,3
4435,M,4
4436,F,4
4437,M,3
4438,F,2
4439,M,4
4440,F,2
4441,F,3
4442,M,6
4443,F,2
4444,F,2
4445,F,2
4446,F,4
4447,M,4
4448,M,5
4449,F,2
4450,F,3
4451,M,6
4452,F,2
4453,M,4
4454,F,2
4455,F,2
4456,M,2
4457,M,4
4458,F,3
4459,F,6
4460,F,3
4461,M,3
4462,M,5
4463,F,3
4464,M,3
4465,M,2
4466,M,3
4467,M,3
4468,F,3
4469,M,3
4470,F,2
4471,F,4
4472,F,3
4473,F,3
4474,M,2
4475,F,2
4476,F,2
4477,M,2
4478,M,2
4479,F,5
4480,M,2
4481,F,2
4482,F,2
4483,M,5
4484,F,3
4485,F,4
4486,M,4
4487,F,3
4488,M,5
4489,F,2
4490,M,3
4491,F,4
4492,M,3
4493,F,4
4494,F,4
4495,F,2
4496,M,3
4497,M,4
4498,F,4
4499,M,2
4500,F,3
4501,F,5
4502,M,2
4503,M,8
4504,F,6
4505,F,6
4506,F,10
4507,M,3
4508,F,10
4509,M,3
4510,M,2
4511,M,10
4512,F,3
4513,M,3
4514,M,5
4515,F,8
4516,F,7
4517,F,7
4518,F,4
4519,F,2
4520,M,3
4521,M,4
4522,M,4
4523,M,2
4524,M,3
4525,M,5
4526,F,2
4527,M,8
4528,F,6
4529,M,6
4530,F,10
4531,M,3
4532,M,10
4533,F,3
4534,M,2
4535,F,10
4536,F,3
4537,M,3
4538,F,5
4539,M,8
4540,M,7
4541,F,7
4542,F,4
4543,F,4
4544,M,4
4545,F,4
4546,M,5
4547,F,4
4548,F,4
4549,F,4
4550,F,4
4551,F,3
4552,F,4
4553,F,4
4554,F,4
4555,F,4
4556,F,4
4557,M,4
4558,F,5
4559,M,4
4560,F,4
4561,M,4
4562,F,4
4563,F,4
4564,M,4
4565,F,4
4566,M,5
4567,F,4
4568,M,4
4569,M,3
4570,M,3
4571,F,2
4572,F,2
4573,M,2
4574,M,3
4575,F,3
4576,F,5
4577,M,2
4578,M,4
4579,M,2
4580,F,3
4581,M,2
4582,F,4
4583,F,2
4584,F,3
4585,M,3
4586,F,3
4587,F,3
4588,M,3
4589,F,3
4590,F,5
4591,F,3
4592,F,3
4593,F,2
4594,F,3
4595,F,3
4596,F,4
4597,M,3
4598,F,3
4599,F,3
4600,F,2
4601,M,3
4602,M,2
4603,F,3
4604,F,6
4605,F,2
4606,F,5
4607,M,2
4608,F,2
4609,F,3
4610,F,3
4611,M,3
4612,M,2
4613,F,2
4614,M,2
4615,F,4
4616,F,2
4617,F,3
4618,F,4
4619,F,3
4620,M,4
4621,F,3
4622,F,4
4623,F,3
4624,M,2
4625,M,2
4626,F,3
4627,F,3
4628,F,2
4629,F,5
4630,M,2
4631,M,2
4632,F,3
4633,M,5
4634,M,4
4635,F,3
4636,F,2
4637,M,6
4638,F,4
4639,M,2
4640,F,3
4641,M,3
4642,M,3
4643,F,2
4644,M,3
4645,M,2
4646,M,5
4647,F,3
4648,M,2
4649,F,6
4650,F,3
4651,F,2
4652,F,3
4653,M,4
4654,F,3
4655,F,2
4656,F,5
4657,M,3
4658,F,2
4659,F,6
4660,M,2
4661,M,2
4662,M,3
4663,F,4
4664,M,4
4665,M,4
4666,M,4
4667,M,3
4668,M,2
4669,F,2
4670,F,5
4671,F,2
4672,M,2
4673,M,2
4674,M,4
4675,F,4
4676,F,4
4677,F,3
4678,F,3
4679,F,3
4680,F,3
4681,F,3
4682,F,2
4683,M,3
4684,M,2
4685,F,3
4686,M,2
4687,M,6
4688,M,3
4689,M,3
4690,M,3
4691,F,3
4692,M,4
4693,M,4
4694,F,2
4695,F,2
4696,F,2
4697,F,2
4698,F,2
4699,F,3
4700,F,3
4701,F,3
4702,F,3
4703,M,3
4704,M,2
4705,M,3
4706,M,5
4707,F,2
4708,F,4
4709,M,3
4710,M,4
4711,F,2
4712,F,3
4713,M,6
4714,F,3
4715,M,3
4716,M,4
4717,M,2
4718,F,3
4719,F,4
4720,M,3
4721,M,2
4722,M,6
4723,M,2
4724,M,3
4725,F,4
4726,F,3
4727,F,2
4728,F,2
4729,M,3
4730,M,2
4731,F,3
4732,F,6
4733,M,2
4734,F,3
4735,F,10
4736,M,3
4737,M,2
4738,M,2
4739,F,2
4740,F,3
4741,F,3
4742,F,2
4743,M,2
4744,F,3
4745,F,3
4746,M,3
4747,F,7
4748,M,7
4749,F,10
4750,F,3
4751,F,2
4752,M,2
4753,F,8
4754,M,4
4755,M,4
4756,F,4
4757,M,4
4758,F,5
4759,F,4
4760,F,4
4761,M,4
4762,M,4
4763,F,3
4764,M,6
4765,M,2
4766,F,3
4767,M,4
4768,F,3
4769,F,2
4770,F,2
4771,F,3
4772,F,2
4773,F,3
4774,F,6
4775,F,2
4776,F,3
4777,F,10
4778,F,3
4779,M,2
4780,F,2
4781,M,2
4782,F,3
4783,M,3
4784,F,2
4785,M,2
4786,M,3
4787,M,3
4788,F,3
4789,F,7
4790,M,7
4791,F,10
4792,F,3
4793,F,2
4794,F,2
4795,M,8
4796,F,4
4797,F,4
4798,M,4
4799,F,4
4800,M,5
4801,M,4
4802,F,4
4803,F,4
4804,F,4
4805,F,2
4806,F,4
4807,F,4
4808,M,4
4809,F,4
4810,M,2
4811,M,4
4812,F,4
4813,F,4
4814,F,4
4815,F,4
4816,F,4
4817,M,4
4818,F,4
4819,M,5
4820,M,4
4821,M,4
4822,M,4
4823,M,4
4824,F,4
4825,F,4
4826,M,3
4827,M,6
4828,M,3
4829,F,2
4830,F,3
4831,M,2
4832,F,2
4833,F,3
4834,M,3
4835,M,3
4836,F,2
4837,F,2
4838,F,2
4839,F,6
4840,F,3
4841,M,5
4842,F,6
4843,M,2
4844,M,4
4845,M,2
4846,M,2
4847,M,2
4848,M,2
4849,M,3
4850,M,2
4851,M,3
4852,F,4
4853,F,4
4854,M,3
4855,M,3
4856,M,2
4857,F,3
4858,M,3
4859,F,4
4860,M,2
4861,M,3
4862,M,2
4863,F,3
4864,M,4
4865,F,3
4866,M,2
4867,F,5
4868,F,2
4869,M,6
4870,F,3
4871,M,2
4872,F,2
4873,F,3
4874,M,2
4875,M,5
4876,F,3
4877,F,3
4878,F,3
4879,M,2
4880,M,4
4881,F,3
4882,M,6
4883,F,4
4884,M,2
4885,M,3
4886,F,2
4887,F,2
4888,M,4
4889,M,6
4890,F,3
4891,F,3
4892,F,2
4893,F,3
4894,M,3
4895,F,4
4896,F,2
4897,M,4
4898,F,3
4899,F,5
4900,F,2
4901,M,6
4902,M,2
4903,M,3
4904,F,3
4905,M,2
4906,M,3
4907,M,3
4908,F,2
4909,F,3
4910,M,2
4911,M,2
4912,F,3
4913,F,2
4914,M,2
4915,M,2
4916,M,3
4917,M,2
4918,F,4
4919,M,2
4920,M,2
4921,F,3
4922,M,3
4923,F,2
4924,F,2
4925,F,5
4926,M,3
4927,F,4
4928,M,4
4929,M,3
4930,F,2
4931,M,3
4932,M,2
4933,M,3
4934,F,3
4935,F,6
4936,M,3
4937,F,3
4938,M,2
4939,F,3
4940,M,3
4941,F,3
4942,F,5
4943,M,5
4944,M,3
4945,M,3
4946,M,3
4947,F,5
4948,M,3
4949,F,4
4950,M,3
4951,M,4
4952,F,2
4953,M,3
4954,F,3
4955,M,3
4956,M,4
4957,M,3
4958,F,3
4959,F,6
4960,F,4
4961,F,5
4962,F,2
4963,M,4
4964,M,3
4965,M,2
4966,M,3
4967,F,3
4968,M,3
4969,M,3
4970,F,3
4971,M,3
4972,M,3
4973,F,6
4974,F,3
4975,M,8
4976,M,8
4977,F,3
4978,M,10
4979,F,6
4980,M,2
4981,F,3
4982,F,7
4983,F,7
4984,M,3
4985,M,3
4986,F,2
4987,M,4
4988,M,4
4989,M,4
4990,F,4
4991,F,2
4992,M,4
4993,F,4
4994,F,3
4995,F,3
4996,M,3
4997,M,3
4998,M,3
4999,M,6
5000,F,3
5001,F,8
5002,F,8
5003,M,3
5004,M,10
5005,M,6
5006,F,2
5007,M,3
5008,M,7
5009,M,7
5010,F,3
5011,F,3
5012,M,2
5013,F,4
5014,F,4
5015,M,4
5016,F,4
5017,F,2
5018,F,4
5019,M,4
5020,F,4
5021,M,4
5022,F,5
5023,F,4
5024,M,4
5025,F,4
5026,M,4
5027,F,5
5028,M,4
5029,M,2
5030,F,4
5031,F,4
5032,M,4
5033,F,4
5034,F,4
5035,F,4
5036,F,3
5037,F,4
5038,F,4
5039,M,4
5040,M,4
5041,F,4
5042,F,5
5043,F,4
5044,M,2
5045,F,2
5046,F,2
5047,M,2
5048,M,3
5049,M,2
5050,M,3
5051,F,3
5052,M,3
5053,M,2
5054,F,3
5055,M,3
5056,F,3
5057,F,4
5058,F,3
5059,F,2
5060,F,3
5061,M,3
5062,M,3
5063,M,2
5064,F,2
5065,M,2
5066,M,4
5067,M,3
5068,F,4
5069,F,3
5070,F,3
5071,M,3
5072,M,4
5073,M,2
5074,M,2
5075,F,4
5076,F,5
5077,M,3
5078,F,4
5079,M,3
5080,M,3
5081,F,2
5082,F,4
5083,M,3
5084,F,3
5085,M,3
5086,F,3
5087,M,3
5088,M,3
5089,M,3
5090,M,2
5091,M,3
5092,F,3
5093,F,2
5094,F,4
5095,M,2
5096,M,2
5097,M,4
5098,F,5
5099,F,2
5100,M,3
5101,M,3
5102,F,3
5103,M,5
5104,F,2
5105,F,5
5106,M,6
5107,F,3
5108,F,4
5109,M,3
5110,M,6
5111,M,3
5112,F,3
5113,F,2
5114,F,2
5115,F,3
5116,F,3
5117,M,4
5118,F,3
5119,F,4
5120,M,3
5121,M,3
5122,M,3
5123,M,4
5124,F,3
5125,F,2
5126,F,5
5127,M,2
5128,F,3
5129,M,4
5130,M,3
5131,M,2
5132,M,3
5133,F,5
5134,M,3
5135,F,2
5136,F,2
5137,M,4
5138,M,2
5139,F,2
5140,F,6
5141,M,4
5142,M,5
5143,M,3
5144,F,2
5145,F,4
5146,M,6
5147,F,4
5148,F,6
5149,F,3
5150,F,4
5151,M,4
5152,M,3
5153,M,3
5154,F,2
5155,M,4
5156,M,2
5157,M,5
5158,M,2
5159,F,2
5160,M,5
5161,F,4
5162,F,3
5163,F,2
5164,F,3
5165,F,3
5166,M,3
5167,M,2
5168,M,3
5169,F,2
5170,M,3
5171,M,3
5172,M,3
5173,M,3
5174,M,3
5175,F,3
5176,F,2
5177,M,4
5178,F,4
5179,M,3
5180,F,3
5181,F,3
5182,M,3
5183,F,2
5184,F,3
5185,F,2
5186,F,3
5187,M,3
5188,M,4
5189,M,3
5190,F,5
5191,F,2
5192,F,4
5193,M,3
5194,F,6
5195,F,3
5196,M,10
5197,F,3
5198,M,10
5199,F,4
5200,F,3
5201,F,3
5202,M,3
5203,M,3
5204,F,3
5205,M,3
5206,F,3
5207,M,10
5208,M,3
5209,F,3
5210,F,3
5211,F,5
5212,M,3
5213,M,4
5214,M,4
5215,M,4
5216,F,4
5217,M,5
5218,M,4
5219,M,4
5220,F,4
5221,F,4
5222,M,5
5223,M,3
5224,M,4
5225,M,3
5226,F,5
5227,F,2
5228,F,4
5229,M,3
5230,M,6
5231,M,3
5232,M,10
5233,F,3
5234,F,10
5235,M,4
5236,F,3
5237,F,3
5238,F,3
5239,F,3
5240,F,3
5241,M,3
5242,M,3
5243,F,10
5244,F,3
5245,M,3
5246,M,3
5247,F,5
5248,F,3
5249,F,4
5250,F,4
5251,F,4
5252,M,4
5253,F,5
5254,M,4
5255,M,4
5256,M,4
5257,F,4
5258,F,4
5259,M,4
5260,M,4
5261,M,4
5262,F,4
5263,M,4
5264,M,5
5265,F,4
5266,M,4
5267,M,5
5268,M,5
5269,F,4
5270,M,4
5271,F,4
5272,F,4
5273,M,4
5274,M,4
5275,M,5
5276,F,2
5277,M,4
5278,F,4
5279,M,4
5280,F,4
5281,F,4
5282,M,2
5283,F,5
5284,F,4
5285,F,4
5286,F,4
5287,M,2
5288,M,3
5289,M,5
5290,F,3
5291,M,2
5292,F,2
5293,M,2
5294,F,2
5295,M,2
5296,F,3
5297,F,5
5298,F,3
5299,F,3
5300,M,4
5301,F,2
5302,F,3
5303,F,2
5304,M,5
5305,F,2
5306,M,2
5307,M,3
5308,M,3
5309,M,3
5310,M,3
5311,M,4
5312,F,2
5313,F,3
5314,M,4
5315,F,4
5316,M,3
5317,M,2
5318,F,2
5319,M,4
5320,F,3
5321,F,3
5322,M,3
5323,M,3
5324,F,3
5325,F,3
5326,M,6
5327,M,3
5328,F,2
5329,M,2
5330,F,3
5331,M,4
5332,M,3
5333,M,4
5334,M,3
5335,F,4
5336,F,3
5337,F,3
5338,M,3
5339,M,2
5340,F,3
5341,M,5
5342,F,3
5343,F,2
5344,M,3
5345,F,2
5346,M,3
5347,F,2
5348,M,3
5349,M,4
5350,M,2
5351,F,6
5352,F,5
5353,M,2
5354,F,3
5355,F,5
5356,M,3
5357,F,4
5358,F,2
5359,F,3
5360,M,2
5361,F,3
5362,F,2
5363,M,3
5364,F,5
5365,M,2
5366,F,3
5367,F,2
5368,F,6
5369,M,2
5370,F,3
5371,M,3
5372,M,2
5373,F,2
5374,M,2
5375,F,2
5376,M,4
5377,F,2
5378,M,4
5379,F,2
5380,M,3
5381,F,2
5382,M,5
5383,M,2
5384,F,3
5385,F,4
5386,F,4
5387,M,2
5388,M,3
5389,M,4
5390,F,3
5391,F,2
5392,M,2
5393,F,2
5394,M,4
5395,M,3
5396,M,3
5397,F,3
5398,M,4
5399,M,6
5400,M,3
5401,F,4
5402,M,4
5403,F,2
5404,F,3
5405,M,4
5406,M,4
5407,M,2
5408,F,3
5409,M,3
5410,F,4
5411,F,5
5412,M,3
5413,F,4
5414,F,2
5415,F,3
5416,F,3
5417,F,3
5418,M,3
5419,F,2
5420,M,3
5421,F,3
5422,F,3
5423,M,5
5424,M,2
5425,F,4
5426,F,4
5427,M,3
5428,M,6
5429,F,5
5430,M,3
5431,F,4
5432,M,3
5433,M,2
5434,F,4
5435,F,3
5436,F,3
5437,M,2
5438,F,3
5439,M,4
5440,F,6
5441,M,2
5442,F,2
5443,M,3
5444,F,3
5445,M,2
5446,F,4
5447,F,3
5448,F,3
5449,F,6
5450,F,4
5451,F,3
5452,M,7
5453,F,7
5454,M,5
5455,F,2
5456,F,2
5457,M,8
5458,M,7
5459,F,3
5460,F,3
5461,F,4
5462,F,4
5463,M,4
5464,M,4
5465,M,5
5466,M,4
5467,M,4
5468,F,5
5469,M,5
5470,F,4
5471,M,4
5472,M,4
5473,M,3
5474,M,3
5475,F,2
5476,F,3
5477,F,4
5478,M,6
5479,M,2
5480,M,2
5481,F,3
5482,M,3
5483,M,2
5484,F,4
5485,M,3
5486,F,3
5487,M,6
5488,F,4
5489,M,3
5490,F,7
5491,M,7
5492,F,5
5493,M,2
5494,F,2
5495,F,8
5496,M,7
5497,F,3
5498,M,3
5499,M,4
5500,F,4
5501,M,4
5502,M,4
5503,F,5
5504,F,4
5505,M,4
5506,F,5
5507,F,5
5508,M,4
5509,F,4
5510,M,4
5511,M,4
5512,M,4
5513,F,4
5514,M,4
5515,M,4
5516,M,4
5517,M,4
5518,M,4
5519,M,5
5520,M,2
5521,F,4
5522,F,4
5523,M,3
5524,F,5
5525,F,5
5526,M,4
5527,F,4
5528,M,5
5529,F,4
5530,F,5
5531,F,5
5532,M,4
5533,F,4
5534,F,4
5535,F,4
5536,F,5
5537,F,4
5538,M,5
5539,F,4
5540,M,3
5541,M,2
5542,M,2
5543,F,2
5544,M,5
5545,M,3
5546,F,3
5547,F,2
5548,M,4
5549,F,3
5550,M,2
5551,F,2
5552,M,3
5553,F,2
5554,M,5
5555,M,5
5556,F,5
5557,F,3
5558,F,2
5559,F,4
5560,M,4
5561,F,2
5562,M,3
5563,M,4
5564,F,2
5565,F,3
5566,F,2
5567,M,6
5568,M,2
5569,M,3
5570,M,3
5571,F,2
5572,M,2
5573,M,3
5574,M,3
5575,F,3
5576,M,2
5577,F,3
5578,M,6
5579,F,5
5580,F,4
5581,F,4
5582,M,2
5583,F,4
5584,M,2
5585,M,2
5586,F,6
5587,F,4
5588,M,3
5589,F,4
5590,M,2
5591,M,4
5592,M,3
5593,M,4
5594,M,2
5595,F,3
5596,F,3
5597,F,2
5598,M,3
5599,F,3
5600,F,4
5601,M,2
5602,M,3
5603,F,3
5604,F,2
5605,M,2
5606,M,3
5607,M,2
5608,F,2
5609,F,2
5610,F,2
5611,F,6
5612,M,2
5613,F,5
5614,M,3
5615,M,5
5616,F,3
5617,F,3
5618,F,3
5619,F,3
5620,M,4
5621,F,2
5622,F,4
5623,F,6
5624,F,2
5625,M,2
5626,F,3
5627,F,2
5628,F,2
5629,M,2
5630,F,2
5631,F,6
5632,M,3
5633,F,2
5634,M,3
5635,F,2
5636,M,3
5637,F,2
5638,F,3
5639,F,3
5640,F,3
5641,M,5
5642,F,4
5643,M,3
5644,M,2
5645,F,3
5646,M,4
5647,F,4
5648,M,5
5649,F,4
5650,F,3
5651,M,2
5652,M,3
5653,F,3
5654,F,3
5655,M,2
5656,M,2
5657,M,2
5658,M,5
5659,M,4
5660,F,4
5661,F,2
5662,F,5
5663,M,3
5664,F,2
5665,F,4
5666,F,3
5667,F,4
5668,F,2
5669,M,3
5670,F,3
5671,M,3
5672,F,3
5673,M,2
5674,F,3
5675,M,3
5676,M,3
5677,F,3
5678,M,6
5679,F,2
5680,F,3
5681,M,2
5682,M,3
5683,M,3
5684,F,3
5685,M,3
5686,M,6
5687,M,4
5688,F,4
5689,F,4
5690,M,2
5691,F,3
5692,F,2
5693,M,3
5694,F,3
5695,F,4
5696,M,3
5697,M,2
5698,M,5
5699,F,3
5700,F,2
5701,F,2
5702,F,4
5703,M,3
5704,M,2
5705,F,2
5706,M,3
5707,F,3
5708,F,2
5709,M,3
5710,F,2
5711,M,3
5712,F,3
5713,M,7
5714,F,3
5715,M,7
5716,F,3
5717,M,4
5718,M,2
5719,M,3
5720,M,8
5721,M,4
5722,M,4
5723,M,4
5724,F,4
5725,M,4
5726,F,4
5727,M,4
5728,M,4
5729,F,5
5730,F,3
5731,M,2
5732,F,5
5733,M,3
5734,M,2
5735,F,2
5736,F,4
5737,M,3
5738,F,2
5739,F,2
5740,M,3
5741,M,3
5742,M,2
5743,M,3
5744,F,2
5745,F,3
5746,F,3
5747,M,7
5748,M,3
5749,M,7
5750,M,3
5751,M,4
5752,F,2
5753,M,3
5754,M,8
5755,F,4
5756,F,4
5757,F,4
5758,M,4
5759,F,4
5760,F,4
5761,M,4
5762,F,5
5763,M,4
5764,M,5
5765,F,4
5766,F,4
5767,M,4
5768,F,5
5769,M,4
5770,F,4
5771,F,6
5772,M,5
5773,F,4
5774,F,4
5775,F,5
5776,M,6
5777,F,6
5778,M,4
5779,F,5
5780,M,4
5781,F,5
5782,M,4
5783,M,4
5784,F,5
5785,F,4
5786,F,5
5787,M,4
5788,F,4
5789,F,6
5790,F,5
5791,F,4
5792,F,5
5793,M,5
5794,M,3
5795,F,6
5796,F,2
5797,F,5
5798,M,3
5799,F,2
5800,F,3
5801,M,2
5802,F,3
5803,M,3
5804,F,3
5805,F,3
5806,M,3
5807,F,2
5808,M,2
5809,M,4
5810,F,3
5811,M,5
5812,M,2
5813,F,5
5814,M,3
5815,F,3
5816,F,3
5817,F,3
5818,M,4
5819,M,4
5820,M,3
5821,F,3
5822,F,2
5823,M,2
5824,M,2
5825,F,3
5826,M,3
5827,M,3
5828,M,4
5829,F,4
5830,F,2
5831,M,3
5832,M,5
5833,M,3
5834,F,4
5835,F,2
5836,F,4
5837,M,3
5838,F,2
5839,F,2
5840,M,4
5841,M,6
5842,F,4
5843,F,3
5844,M,6
5845,M,3
5846,M,3
5847,F,5
5848,M,3
5849,M,3
5850,M,2
5851,F,5
5852,F,2
5853,M,4
5854,F,4
5855,M,3
5856,M,2
5857,M,2
5858,M,5
5859,F,3
5860,M,2
5861,F,3
5862,F,3
5863,M,3
5864,F,2
5865,F,2
5866,M,3
5867,M,2
5868,M,2
5869,M,3
5870,M,2
5871,M,3
5872,F,3
5873,M,2
5874,M,3
5875,M,3
5876,F,2
5877,F,4
5878,M,4
5879,M,3
5880,M,3
5881,F,3
5882,F,3
5883,F,3
5884,F,2
5885,M,3
5886,F,3
5887,F,5
5888,M,2
5889,M,4
5890,M,2
5891,F,2
5892,F,2
5893,M,3
5894,M,4
5895,F,2
5896,M,3
5897,F,3
5898,F,5
5899,F,5
5900,M,2
5901,M,2
5902,F,3
5903,M,2
5904,M,5
5905,F,3
5906,M,2
5907,M,3
5908,M,4
5909,F,5
5910,F,4
5911,F,3
5912,F,5
5913,F,4
5914,M,2
5915,F,4
5916,M,3
5917,F,3
5918,M,3
5919,F,2
5920,M,3
5921,M,2
5922,M,2
5923,F,2
5924,M,3
5925,F,2
5926,M,3
5927,F,3
5928,F,3
5929,F,5
5930,M,5
5931,F,2
5932,M,5
5933,M,3
5934,F,2
5935,M,6
5936,M,4
5937,F,4
5938,F,3
5939,F,3
5940,F,2
5941,M,2
5942,M,3
5943,F,3
5944,M,2
5945,F,6
5946,M,3
5947,M,6
5948,F,2
5949,F,2
5950,F,7
5951,M,8
5952,M,3
5953,F,10
5954,F,7
5955,F,3
5956,F,3
5957,F,3
5958,M,3
5959,F,3
5960,F,8
5961,M,4
5962,M,4
5963,M,5
5964,M,4
5965,F,4
5966,M,6
5967,F,5
5968,F,4
5969,M,4
5970,F,5
5971,M,4
5972,F,4
5973,F,3
5974,M,3
5975,M,2
5976,M,2
5977,F,3
5978,F,3
5979,M,2
5980,F,6
5981,M,3
5982,M,6
5983,M,2
5984,M,2
5985,M,7
5986,M,8
5987,M,3
5988,M,10
5989,F,7
5990,F,3
5991,M,3
5992,F,3
5993,F,3
5994,F,3
5995,F,8
5996,M,4
5997,M,4
5998,M,5
5999,F,4
6000,M,4
6001,M,6
6002,F,5
6003,M,4
6004,M,4
6005,M,4
6006,M,4
6007,F,4
6008,M,4
6009,M,4
6010,M,6
6011,M,5
6012,F,4
6013,M,4
6014,F,6
6015,F,3
6016,M,5
6017,M,4
6018,M,4
6019,F,4
6020,M,4
6021,F,4
6022,F,5
6023,F,4
6024,M,5
6025,F,5
6026,M,5
6027,M,5
6028,F,5
6029,F,4
6030,M,5
6031,M,4
6032,M,5
6033,M,5
6034,M,5
6035,F,4
6036,F,4
6037,M,5
6038,F,4
6039,M,5
6040,F,5
6041,F,4
6042,F,4
6043,F,5
6044,F,4
6045,F,5
6046,F,4
6047,M,5
6048,M,5
6049,F,6
6050,F,5
6051,M,4
6052,F,6
6053,M,5
6054,F,6
6055,F,3
6056,F,3
6057,M,2
6058,M,2
6059,M,3
6060,M,3
6061,M,3
6062,M,2
6063,F,3
6064,M,2
6065,M,2
6066,F,3
6067,M,4
6068,F,3
6069,F,4
6070,F,2
6071,F,6
6072,F,5
6073,M,3
6074,F,4
6075,M,4
6076,M,3
6077,F,4
6078,F,4
6079,M,4
6080,M,3
6081,M,3
6082,F,2
6083,M,2
6084,F,4
6085,F,3
6086,F,3
6087,M,2
6088,M,2
6089,F,3
6090,M,6
6091,F,3
6092,F,4
6093,F,4
6094,F,2
6095,F,2
6096,F,5
6097,M,2
6098,F,3
6099,M,5
6100,F,3
6101,F,3
6102,M,3
6103,M,2
6104,M,3
6105,F,6
6106,M,3
6107,M,3
6108,F,3
6109,M,2
6110,F,2
6111,M,3
6112,F,3
6113,F,2
6114,F,2
6115,F,3
6116,F,2
6117,F,3
6118,F,3
6119,M,4
6120,F,5
6121,F,3
6122,M,2
6123,M,2
6124,M,2
6125,M,3
6126,M,3
6127,M,3
6128,F,3
6129,M,2
6130,M,3
6131,M,3
6132,F,3
6133,F,5
6134,M,3
6135,M,3
6136,M,3
6137,M,2
6138,F,4
6139,F,4
6140,F,3
6141,F,3
6142,F,3
6143,F,3
6144,F,4
6145,F,3
6146,F,3
6147,M,4
6148,F,6
6149,F,2
6150,F,2
6151,F,3
6152,F,3
6153,F,3
6154,F,2
6155,F,3
6156,F,2
6157,M,4
6158,M,3
6159,F,3
6160,M,2
6161,M,2
6162,M,3
6163,M,3
6164,F,3
6165,F,3
6166,M,3
6167,M,2
6168,F,3
6169,M,4
6170,F,2
6171,M,3
6172,M,3
6173,M,3
6174,F,5
6175,F,3
6176,M,3
6177,F,2
6178,F,2
6179,M,6
6180,F,3
6181,F,3
6182,M,3
6183,F,3
6184,M,2
6185,F,5
6186,F,2
6187,F,4
6188,M,4
6189,F,3
6190,F,2
6191,F,2
6192,F,3
6193,M,3
6194,F,4
6195,F,4
6196,M,3
6197,F,2
6198,F,4
6199,F,3
6200,M,4
6201,F,2
6202,F,2
6203,M,3
6204,F,8
6205,F,4
6206,M,10
6207,F,4
6208,M,3
6209,F,2
6210,M,10
6211,F,3
6212,F,2
6213,F,3
6214,M,4
6215,M,4
6216,F,4
6217,F,4
6218,M,4
6219,F,4
6220,M,4
6221,F,6
6222,M,5
6223,F,4
6224,F,4
6225,F,6
6226,M,3
6227,M,5
6228,M,4
6229,M,4
6230,M,4
6231,F,4
6232,F,4
6233,F,3
6234,F,3
6235,F,4
6236,F,4
6237,F,3
6238,F,2
6239,M,4
6240,M,3
6241,M,4
6242,M,2
6243,F,2
6244,M,3
6245,F,8
6246,F,4
6247,M,10
6248,F,4
6249,M,3
6250,F,2
6251,F,10
6252,M,3
6253,M,2
6254,M,3
6255,M,4
6256,M,4
6257,M,4
6258,F,4
6259,M,4
6260,M,4
6261,M,4
6262,F,6
6263,F,5
6264,M,4
6265,F,4
6266,M,6
6267,M,3
6268,F,5
6269,M,4
6270,M,5
6271,F,6
6272,M,3
6273,M,4
6274,F,4
6275,M,5
6276,F,5
6277,M,4
6278,M,4
6279,F,4
6280,F,4
6281,F,4
6282,F,4
6283,F,4
6284,M,5
6285,M,5
6286,F,5
6287,M,4
6288,M,5
6289,M,6
6290,M,4
6291,M,4
6292,F,5
6293,M,4
6294,F,5
6295,F,4
6296,F,5
6297,F,6
6298,F,5
6299,M,4
6300,M,5
6301,F,4
6302,M,5
6303,M,4
6304,F,4
6305,F,4
6306,F,6
6307,F,5
6308,M,5
6309,F,4
6310,M,6
6311,M,5
6312,M,4
6313,M,4
6314,M,5
6315,F,5
6316,F,5
6317,F,4
6318,M,5
6319,F,6
6320,F,3
6321,F,3
6322,F,2
6323,F,3
6324,F,3
6325,M,4
6326,M,3
6327,M,3
6328,M,3
6329,M,2
6330,F,3
6331,M,4
6332,F,4
6333,M,3
6334,M,2
6335,M,3
6336,F,3
6337,M,3
6338,M,3
6339,F,3
6340,F,2
6341,F,2
6342,F,2
6343,M,4
6344,M,5
6345,M,2
6346,M,3
6347,F,3
6348,M,2
6349,F,2
6350,F,4
6351,M,3
6352,F,4
6353,F,2
6354,F,3
6355,M,4
6356,M,4
6357,M,6
6358,M,2
6359,M,4
6360,F,3
6361,M,2
6362,M,5
6363,F,2
6364,M,3
6365,F,3
6366,M,6
6367,M,3
6368,M,3
6369,F,4
6370,M,3
6371,F,3
6372,M,2
6373,M,4
6374,F,3
6375,F,3
6376,M,2
6377,M,4
6378,F,2
6379,F,2
6380,M,3
6381,M,3
6382,M,2
6383,F,2
6384,M,5
6385,F,2
6386,F,2
6387,M,3
6388,F,2
6389,F,3
6390,F,2
6391,M,2
6392,F,3
6393,F,2
6394,F,2
6395,F,3
6396,M,3
6397,M,2
6398,F,3
6399,F,3
6400,M,4
6401,M,3
6402,M,2
6403,M,2
6404,M,3
6405,F,3
6406,F,4
6407,M,3
6408,F,3
6409,F,3
6410,F,2
6411,F,3
6412,M,3
6413,M,2
6414,F,3
6415,F,2
6416,M,6
6417,F,4
6418,M,3
6419,M,3
6420,M,2
6421,M,3
6422,F,4
6423,F,4
6424,M,4
6425,M,3
6426,M,2
6427,F,2
6428,M,3
6429,M,2
6430,F,3
6431,F,4
6432,M,6
6433,M,2
6434,M,3
6435,F,2
6436,M,2
6437,M,2
6438,M,4
6439,M,2
6440,F,3
6441,F,6
6442,M,3
6443,F,3
6444,M,3
6445,F,3
6446,M,2
6447,F,2
6448,M,4
6449,F,2
6450,M,3
6451,F,2
6452,M,3
6453,M,3
6454,F,3
6455,F,5
6456,M,3
6457,F,3
6458,M,2
6459,M,2
6460,F,4
6461,F,4
6462,M,5
6463,M,2
6464,F,5
6465,F,3
6466,F,4
6467,M,4
6468,F,4
6469,F,2
6470,M,5
6471,M,3
6472,M,3
6473,M,3
6474,F,8
6475,M,8
6476,F,6
6477,F,8
6478,M,8
6479,F,6
6480,F,10
6481,F,3
6482,M,7
6483,M,3
6484,M,4
6485,F,7
6486,M,4
6487,M,7
6488,M,2
6489,F,3
6490,F,3
6491,F,4
6492,F,4
6493,F,5
6494,F,5
6495,M,4
6496,F,4
6497,M,4
6498,F,4
6499,F,4
6500,F,4
6501,F,4
6502,F,5
6503,M,5
6504,M,5
6505,F,4
6506,M,5
6507,F,6
6508,M,4
6509,F,4
6510,M,5
6511,M,4
6512,F,5
6513,M,4
6514,M,5
6515,F,6
6516,F,5
6517,M,5
6518,F,3
6519,M,3
6520,M,3
6521,M,8
6522,F,8
6523,F,6
6524,M,8
6525,F,8
6526,M,6
6527,F,10
6528,F,3
6529,F,7
6530,M,3
6531,F,4
6532,M,7
6533,F,4
6534,M,7
6535,M,2
6536,F,3
6537,F,3
6538,F,4
6539,M,4
6540,M,5
6541,F,5
6542,F,4
6543,F,4
6544,F,4
6545,M,4
6546,M,4
6547,F,4
6548,F,4
6549,M,5
6550,F,5
6551,M,5
6552,M,4
6553,M,5
6554,M,6
6555,F,4
6556,M,4
6557,F,5
6558,F,4
6559,F,5
6560,M,4
6561,F,4
6562,F,4
6563,F,5
6564,F,5
6565,F,5
6566,F,5
6567,F,6
6568,F,4
6569,F,5
6570,F,4
6571,M,5
6572,M,4
6573,M,4
6574,M,5
6575,F,4
6576,F,5
6577,F,4
6578,F,5
6579,F,5
6580,F,6
6581,M,4
6582,F,5
6583,F,4
6584,F,6
6585,F,5
6586,F,4
6587,M,4
6588,F,4
6589,F,4
6590,F,5
6591,F,5
6592,M,4
6593,M,4
6594,M,4
6595,F,4
6596,F,4
6597,M,4
6598,F,2
6599,M,5
6600,F,5
6601,M,5
6602,M,5
6603,M,5
6604,F,6
6605,F,4
6606,M,4
6607,F,3
6608,F,2
6609,F,6
6610,M,5
6611,M,4
6612,M,4
6613,M,5
6614,M,5
6615,M,4
6616,M,4
6617,M,5
6618,M,6
6619,M,6
6620,M,4
6621,F,3
6622,F,3
6623,F,4
6624,M,4
6625,F,3
6626,M,3
6627,M,2
6628,F,3
6629,M,2
6630,F,6
6631,F,3
6632,F,3
6633,F,3
6634,F,3
6635,F,2
6636,M,4
6637,F,5
6638,M,4
6639,M,2
6640,M,3
6641,M,2
6642,F,2
6643,M,3
6644,F,3
6645,F,2
6646,M,2
6647,F,2
6648,M,2
6649,M,4
6650,F,2
6651,M,2
6652,M,4
6653,F,2
6654,F,2
6655,M,2
6656,F,2
6657,M,3
6658,F,2
6659,F,4
6660,M,4
6661,F,3
6662,M,2
6663,M,4
6664,M,3
6665,M,3
6666,M,3
6667,M,3
6668,M,2
6669,F,2
6670,M,5
6671,M,4
6672,F,6
6673,F,4
6674,F,3
6675,M,3
6676,M,3
6677,M,2
6678,M,3
6679,F,2
6680,M,3
6681,M,2
6682,M,2
6683,M,3
6684,M,2
6685,F,2
6686,M,2
6687,M,5
6688,M,5
6689,F,6
6690,M,3
6691,M,2
6692,F,3
6693,M,3
6694,M,4
6695,F,4
6696,M,3
6697,F,4
6698,F,4
6699,F,2
6700,F,2
6701,M,3
6702,M,4
6703,M,3
6704,M,3
6705,M,3
6706,F,3
6707,M,3
6708,F,2
6709,M,4
6710,F,2
6711,F,2
6712,M,3
6713,F,2
6714,M,6
6715,F,4
6716,M,5
6717,M,3
6718,M,3
6719,F,3
6720,M,3
6721,M,3
6722,M,4
6723,F,3
6724,F,2
6725,M,3
6726,F,3
6727,F,2
6728,M,2
6729,M,3
6730,F,2
6731,M,2
6732,F,3
6733,F,3
6734,M,3
6735,F,2
6736,M,6
6737,F,2
6738,F,5
6739,M,2
6740,M,5
6741,M,4
6742,F,2
6743,M,3
6744,M,5
6745,M,3
6746,F,2
6747,M,3
6748,F,3
6749,F,6
6750,M,3
6751,F,3
6752,M,2
6753,M,3
6754,M,4
6755,F,5
6756,F,3
6757,M,3
6758,F,2
6759,M,3
6760,F,3
6761,M,2
6762,F,3
6763,M,6
6764,F,2
6765,F,6
6766,F,4
6767,F,4
6768,M,3
6769,M,6
6770,F,4
6771,F,3
6772,M,4
6773,F,3
6774,F,2
6775,M,3
6776,F,3
6777,M,2
6778,F,3
6779,F,3
6780,F,3
6781,F,3
6782,M,6
6783,M,2
6784,M,3
6785,F,3
6786,F,2
6787,M,4
6788,F,3
6789,M,6
6790,F,10
6791,M,10
6792,M,2
6793,M,2
6794,F,2
6795,M,10
6796,F,8
6797,M,2
6798,M,3
6799,F,3
6800,M,10
6801,M,7
6802,M,7
6803,F,3
6804,M,10
6805,F,3
6806,F,3
6807,M,7
6808,F,6
6809,F,2
6810,F,3
6811,F,5
6812,M,6
6813,F,4
6814,F,5
6815,M,4
6816,F,5
6817,M,4
6818,M,4
6819,F,5
6820,F,4
6821,M,5
6822,M,4
6823,F,5
6824,M,5
6825,F,6
6826,F,4
6827,F,5
6828,M,4
6829,F,6
6830,M,5
6831,M,4
6832,F,2
6833,M,3
6834,M,3
6835,M,2
6836,F,4
6837,F,3
6838,M,6
6839,F,10
6840,F,10
6841,M,2
6842,M,2
6843,F,2
6844,M,10
6845,M,8
6846,M,2
6847,M,3
6848,F,3
6849,M,10
6850,F,7
6851,F,7
6852,M,3
6853,F,10
6854,F,3
6855,F,3
6856,M,7
6857,M,6
6858,M,2
6859,F,3
6860,M,5
6861,F,6
6862,F,4
6863,M,5
6864,M,4
6865,M,5
6866,F,4
6867,M,4
6868,M,5
6869,F,4
6870,F,5
6871,F,4
6872,F,5
6873,M,5
6874,F,6
6875,F,4
6876,M,5
6877,M,4
6878,M,6
6879,F,5
6880,F,6
6881,F,6
6882,F,6
6883,M,5
6884,F,5
6885,F,6
6886,F,6
6887,F,4
6888,M,5
6889,F,4
6890,M,4
6891,M,4
6892,F,5
6893,F,5
6894,M,4
6895,M,4
6896,F,5
6897,M,4
6898,F,5
6899,F,4
6900,M,4
6901,F,5
6902,F,4
6903,M,5
6904,F,5
6905,M,4
6906,F,4
6907,M,5
6908,F,4
6909,M,4
6910,F,4
6911,M,5
6912,F,6
6913,F,5
6914,M,5
6915,M,5
6916,F,5
6917,M,5
6918,F,2
6919,F,4
6920,M,4
6921,M,4
6922,M,2
6923,M,3
6924,M,4
6925,F,4
6926,M,4
6927,M,5
6928,F,4
6929,F,4
6930,M,5
6931,F,5
6932,F,3
6933,M,3
6934,F,2
6935,M,3
6936,F,6
6937,M,2
6938,F,3
6939,M,3
6940,M,3
6941,F,5
6942,F,2
6943,M,3
6944,M,2
6945,F,4
6946,F,3
6947,M,4
6948,F,4
6949,F,5
6950,F,3
6951,F,2
6952,F,3
6953,M,3
6954,F,2
6955,F,2
6956,F,3
6957,F,3
6958,M,3
6959,M,2
6960,F,3
6961,M,4
6962,F,2
6963,F,4
6964,F,4
6965,M,5
6966,F,6
6967,F,2
6968,M,4
6969,F,3
6970,F,4
6971,M,2
6972,M,2
6973,F,3
6974,M,3
6975,F,3
6976,M,2
6977,M,4
6978,F,5
6979,F,2
6980,F,3
6981,M,5
6982,F,2
6983,M,2
6984,F,3
6985,F,2
6986,F,3
6987,M,4
6988,M,3
6989,F,3
6990,F,2
6991,M,2
6992,M,2
6993,M,3
6994,F,3
6995,M,2
6996,M,2
6997,F,6
6998,F,4
6999,M,3
7000,F,4
7001,F,5
7002,M,2
7003,F,4
7004,M,3
7005,F,2
7006,F,2
7007,F,3
7008,F,5
7009,M,2
7010,M,2
7011,M,3
7012,M,6
7013,M,3
7014,F,4
7015,M,3
7016,M,3
7017,M,4
7018,F,5
7019,F,6
7020,M,3
7021,F,2
7022,M,2
7023,F,2
7024,F,3
7025,F,2
7026,M,6
7027,F,4
7028,F,2
7029,F,4
7030,F,2
7031,M,2
7032,M,3
7033,F,3
7034,M,2
7035,M,3
7036,M,4
7037,F,3
7038,F,2
7039,F,3
7040,F,3
7041,F,2
7042,M,3
7043,F,4
7044,F,3
7045,M,2
7046,M,5
7047,M,3
7048,M,3
7049,M,3
7050,F,2
7051,F,2
7052,M,5
7053,F,3
7054,F,2
7055,M,3
7056,M,4
7057,M,2
7058,F,2
7059,F,2
7060,M,2
7061,F,3
7062,M,4
7063,F,4
7064,F,3
7065,F,5
7066,M,4
7067,M,3
7068,M,4
7069,F,3
7070,M,2
7071,M,6
7072,F,2
7073,F,2
7074,F,4
7075,F,3
7076,M,4
7077,F,3
7078,M,4
7079,M,6
7080,M,3
7081,F,4
7082,F,3
7083,F,4
7084,F,4
7085,F,2
7086,M,3
7087,M,4
7088,M,3
7089,M,5
7090,F,3
7091,F,3
7092,F,6
7093,M,2
7094,M,7
7095,M,10
7096,M,6
7097,F,3
7098,M,3
7099,M,8
7100,M,7
7101,F,6
7102,M,5
7103,F,5
7104,M,6
7105,F,6
7106,F,4
7107,F,5
7108,F,4
7109,F,4
7110,M,4
7111,F,5
7112,F,5
7113,M,4
7114,F,3
7115,F,4
7116,F,3
7117,F,4
7118,M,6
7119,F,3
7120,F,4
7121,M,3
7122,M,4
7123,F,4
7124,F,2
7125,M,3
7126,F,4
7127,M,3
7128,F,5
7129,F,3
7130,F,3
7131,M,6
7132,M,2
7133,M,7
7134,M,10
7135,F,6
7136,M,3
7137,F,3
7138,M,8
7139,M,7
7140,M,6
7141,F,5
7142,M,5
7143,F,6
7144,F,6
7145,F,4
7146,F,5
7147,M,4
7148,M,4
7149,M,4
7150,M,5
7151,M,5
7152,M,4
7153,M,4
7154,M,5
7155,M,5
7156,F,5
7157,M,6
7158,F,4
7159,M,4
7160,F,4
7161,F,5
7162,F,4
7163,M,6
7164,M,5
7165,M,5
7166,F,4
7167,M,5
7168,F,5
7169,F,5
7170,M,4
7171,M,5
7172,M,4
7173,F,5
7174,M,4
7175,M,4
7176,F,6
7177,M,5
7178,F,5
7179,F,5
7180,F,4
7181,F,4
7182,M,4
7183,M,3
7184,F,4
7185,M,2
7186,F,4
7187,M,4
7188,M,5
7189,M,6
7190,M,5
7191,F,4
7192,M,4
7193,M,6
7194,F,5
7195,M,5
7196,M,4
7197,M,6
7198,F,4
7199,F,4
7200,M,4
7201,F,6
7202,M,4
7203,F,5
7204,M,4
7205,F,5
7206,F,4
7207,F,4
7208,M,4
7209,M,5
7210,M,5
7211,F,4
7212,M,4
7213,M,4
7214,F,4
7215,M,4
7216,M,5
7217,F,5
7218,M,5
7219,M,5
7220,F,5
7221,F,5
7222,F,4
7223,F,5
7224,M,2
7225,M,3
7226,F,2
7227,F,3
7228,M,3
7229,F,2
7230,M,2
7231,M,2
7232,F,2
7233,M,4
7234,M,3
7235,M,4
7236,M,3
7237,F,3
7238,F,3
7239,M,5
7240,F,3
7241,F,3
7242,M,5
7243,M,6
7244,M,2
7245,M,5
7246,M,4
7247,M,2
7248,F,4
7249,M,3
7250,M,2
7251,M,2
7252,F,3
7253,F,3
7254,M,3
7255,M,3
7256,M,2
7257,M,2
7258,M,3
7259,M,2
7260,F,2
7261,F,4
7262,M,5
7263,M,2
7264,M,2
7265,M,3
7266,F,3
7267,M,3
7268,M,3
7269,F,3
7270,F,6
7271,F,3
7272,M,2
7273,F,2
7274,F,4
7275,F,2
7276,F,3
7277,M,2
7278,M,4
7279,F,4
7280,F,2
7281,M,3
7282,F,4
7283,F,3
7284,F,3
7285,M,2
7286,F,3
7287,F,2
7288,M,2
7289,F,3
7290,F,2
7291,F,3
7292,F,4
7293,M,2
7294,F,5
7295,F,5
7296,M,2
7297,F,3
7298,F,4
7299,F,4
7300,M,4
7301,M,2
7302,M,4
7303,F,4
7304,F,3
7305,M,3
7306,M,6
7307,M,3
7308,M,3
7309,F,2
7310,F,2
7311,F,4
7312,M,3
7313,F,2
7314,F,2
7315,M,4
7316,M,4
7317,F,3
7318,F,4
7319,M,3
7320,F,3
7321,F,6
7322,F,4
7323,M,3
7324,M,6
7325,M,2
7326,F,4
7327,M,5
7328,M,2
7329,F,2
7330,M,3
7331,M,3
7332,M,4
7333,M,3
7334,M,2
7335,M,3
7336,F,2
7337,F,2
7338,M,4
7339,F,6
7340,M,2
7341,F,2
7342,F,3
7343,F,3
7344,M,2
7345,M,2
7346,F,3
7347,F,2
7348,M,2
7349,F,2
7350,M,3
7351,M,3
7352,F,3
7353,F,3
7354,M,2
7355,F,4
7356,F,3
7357,F,3
7358,M,4
7359,M,3
7360,F,4
7361,M,3
7362,M,3
7363,F,2
7364,M,3
7365,F,2
7366,F,4
7367,F,3
7368,M,6
7369,F,4
7370,F,2
7371,F,2
7372,M,3
7373,F,4
7374,M,3
7375,F,3
7376,F,2
7377,F,2
7378,M,2
7379,M,2
7380,F,3
7381,M,2
7382,F,3
7383,M,5
7384,M,6
7385,M,4
7386,F,10
7387,M,2
7388,F,7
7389,M,8
7390,M,8
7391,M,7
7392,F,2
7393,F,3
7394,M,7
7395,F,5
7396,F,5
7397,F,5
7398,M,6
7399,F,4
7400,F,4
7401,M,4
7402,F,5
7403,F,4
7404,M,6
7405,F,5
7406,F,5
7407,M,4
7408,F,5
7409,M,5
7410,M,5
7411,F,4
7412,F,5
7413,M,4
7414,F,5
7415,F,4
7416,F,4
7417,M,6
7418,M,5
7419,M,5
7420,M,5
7421,F,4
7422,M,4
7423,M,4
7424,M,3
7425,M,4
7426,M,2
7427,M,4
7428,F,3
7429,M,3
7430,F,2
7431,M,2
7432,M,2
7433,F,2
7434,F,3
7435,M,2
7436,M,3
7437,M,5
7438,M,6
7439,M,4
7440,M,10
7441,M,2
7442,F,7
7443,M,8
7444,F,8
7445,M,7
7446,M,2
7447,F,3
7448,F,7
7449,M,5
7450,M,5
7451,M,5
7452,M,6
7453,F,4
7454,F,4
7455,F,4
7456,F,5
7457,F,4
7458,F,6
7459,M,5
7460,F,5
7461,M,4
7462,M,5
7463,M,5
7464,M,5
7465,M,4
7466,M,5
7467,M,4
7468,F,5
7469,M,4
7470,M,4
7471,M,6
7472,M,5
7473,M,5
7474,M,5
7475,F,4
7476,M,5
7477,F,5
7478,M,5
7479,F,5
7480,F,5
7481,M,4
7482,M,5
7483,F,5
7484,M,4
7485,F,5
7486,F,5
7487,F,4
7488,M,5
7489,F,4
7490,M,4
7491,F,4
7492,M,6
7493,F,4
7494,F,3
7495,F,5
7496,F,5
7497,F,5
7498,F,6
7499,M,5
7500,F,6
7501,F,4
7502,F,4
7503,F,5
7504,M,5
7505,F,4
7506,F,4
7507,F,4
7508,F,5
7509,M,4
7510,F,5
7511,F,4
7512,F,4
7513,F,5
7514,M,4
7515,M,4
7516,M,5
7517,M,5
7518,M,2
7519,M,3
7520,F,3
7521,M,2
7522,F,3
7523,M,3
7524,M,3
7525,M,2
7526,F,3
7527,F,3
7528,F,3
7529,F,2
7530,M,5
7531,F,3
7532,M,2
7533,F,5
7534,M,3
7535,M,4
7536,F,3
7537,F,4
7538,F,2
7539,M,3
7540,M,3
7541,F,3
7542,M,3
7543,F,3
7544,M,3
7545,F,3
7546,F,3
7547,F,3
7548,M,2
7549,M,3
7550,M,3
7551,F,2
7552,M,2
7553,F,2
7554,F,2
7555,M,5
7556,M,2
7557,M,3
7558,F,3
7559,M,5
7560,F,4
7561,F,3
7562,M,4
7563,M,2
7564,F,5
7565,M,3
7566,M,3
7567,M,4
7568,F,2
7569,F,4
7570,F,3
7571,F,4
7572,M,3
7573,M,3
7574,M,2
7575,M,3
7576,F,3
7577,F,4
7578,M,4
7579,M,3
7580,M,4
7581,M,3
7582,F,4
7583,F,2
7584,F,3
7585,F,5
7586,M,3
7587,M,6
7588,F,6
7589,M,4
7590,M,4
7591,F,3
7592,M,3
7593,F,2
7594,F,4
7595,F,3
7596,F,2
7597,F,2
7598,F,3
7599,M,2
7600,M,4
7601,F,2
7602,F,4
7603,M,3
7604,M,4
7605,M,3
7606,M,3
7607,M,3
7608,F,2
7609,F,3
7610,M,3
7611,F,3
7612,F,4
7613,M,3
7614,M,6
7615,M,4
7616,M,3
7617,F,2
7618,F,4
7619,F,6
7620,M,4
7621,F,4
7622,M,4
7623,F,2
7624,F,3
7625,M,2
7626,F,2
7627,M,3
7628,M,3
7629,F,3
7630,F,3
7631,M,2
7632,M,2
7633,F,4
7634,M,4
7635,M,4
7636,F,2
7637,M,4
7638,M,4
7639,F,5
7640,F,2
7641,F,3
7642,M,4
7643,M,4
7644,F,2
7645,F,2
7646,M,3
7647,M,2
7648,M,2
7649,M,2
7650,F,4
7651,F,4
7652,F,4
7653,F,10
7654,M,2
7655,M,3
7656,M,8
7657,F,2
7658,F,7
7659,M,10
7660,F,2
7661,M,3
7662,M,8
7663,M,3
7664,M,2
7665,M,4
7666,F,5
7667,F,3
7668,F,4
7669,F,5
7670,F,5
7671,F,4
7672,F,5
7673,F,5
7674,F,4
7675,F,5
7676,M,4
7677,F,4
7678,F,4
7679,F,2
7680,F,2
7681,F,3
7682,F,2
7683,M,2
7684,F,2
7685,F,4
7686,F,4
7687,M,4
7688,F,10
7689,F,2
7690,F,3
7691,F,8
7692,F,2
7693,M,7
7694,F,10
7695,F,2
7696,F,3
7697,M,8
7698,M,3
7699,M,2
7700,F,4
7701,M,5
7702,M,3
7703,M,4
7704,F,5
7705,M,5
7706,F,4
7707,F,5
7708,M,5
7709,F,4
7710,F,5
7711,F,4
7712,F,4
7713,F,4
7714,M,5
7715,M,5
7716,M,5
7717,F,4
7718,M,4
7719,F,5
7720,M,5
7721,M,4
7722,M,6
7723,F,5
7724,F,4
7725,F,4
7726,F,5
7727,M,4
7728,M,6
7729,F,6
7730,M,4
7731,M,5
7732,F,5
7733,M,4
7734,F,4
7735,F,5
7736,F,5
7737,F,4
7738,F,6
7739,F,4
7740,F,5
7741,F,4
7742,M,4
7743,M,4
7744,F,5
7745,F,5
7746,M,4
7747,F,5
7748,F,5
7749,M,5
7750,M,4
7751,M,4
7752,M,5
7753,F,5
7754,F,4
7755,M,4
7756,M,4
7757,M,4
7758,F,5
7759,F,5
7760,M,4
7761,F,5
7762,F,5
7763,M,5
7764,F,4
7765,M,4
7766,M,5
7767,M,4
7768,M,4
7769,M,5
7770,M,4
7771,M,2
7772,M,4
7773,M,4
7774,M,2
7775,F,2
7776,M,3
7777,F,3
7778,M,3
7779,M,3
7780,M,3
7781,F,4
7782,M,6
7783,M,3
7784,M,3
7785,M,3
7786,M,3
7787,M,3
7788,M,3
7789,M,5
7790,F,3
7791,F,2
7792,F,3
7793,F,3
7794,F,3
7795,M,2
7796,F,2
7797,M,2
7798,F,4
7799,M,3
7800,F,2
7801,F,2
7802,F,4
7803,F,2
7804,M,3
7805,M,4
7806,F,6
7807,F,4
7808,F,3
7809,F,3
7810,M,3
7811,F,4
7812,F,4
7813,M,2
7814,F,3
7815,F,4
7816,M,2
7817,M,3
7818,M,3
7819,M,5
7820,F,6
7821,F,2
7822,M,4
7823,F,2
7824,M,3
7825,M,3
7826,F,4
7827,M,4
7828,F,3
7829,M,3
7830,M,3
7831,M,2
7832,F,3
7833,F,2
7834,F,2
7835,F,3
7836,F,2
7837,F,2
7838,F,4
7839,M,6
7840,F,2
7841,M,3
7842,M,3
7843,M,3
7844,M,2
7845,F,2
7846,M,3
7847,F,2
7848,F,3
7849,M,3
7850,M,4
7851,M,4
7852,M,3
7853,M,3
7854,M,3
7855,M,3
7856,F,3
7857,M,3
7858,M,4
7859,M,6
7860,M,2
7861,M,3
7862,F,3
7863,F,4
7864,F,3
7865,M,3
7866,F,2
7867,F,5
7868,M,3
7869,F,2
7870,M,2
7871,M,3
7872,M,3
7873,M,3
7874,F,3
7875,M,4
7876,F,4
7877,M,3
7878,M,3
7879,F,2
7880,M,3
7881,M,3
7882,M,3
7883,M,2
7884,F,3
7885,M,3
7886,F,3
7887,M,4
7888,M,3
7889,M,6
7890,F,4
7891,M,2
7892,M,2
7893,M,3
7894,F,3
7895,M,3
7896,F,2
7897,F,3
7898,F,3
7899,M,2
7900,M,5
7901,M,2
7902,F,3
7903,F,2
7904,F,4
7905,F,2
7906,M,3
7907,F,2
7908,F,4
7909,F,3
7910,F,3
7911,M,3
7912,M,3
7913,M,2
7914,M,2
7915,F,2
7916,M,2
7917,M,3
7918,M,3
7919,M,2
7920,F,3
7921,F,2
7922,F,2
7923,M,4
7924,F,6
7925,M,4
7926,F,2
7927,F,2
7928,M,5
7929,F,3
7930,M,6
7931,M,10
7932,F,7
7933,F,5
7934,F,2
7935,F,3
7936,F,2
7937,M,4
7938,M,2
7939,F,8
7940,M,10
7941,F,7
7942,M,8
7943,F,10
7944,M,4
7945,M,3
7946,M,2
7947,M,7
7948,M,7
7949,F,3
7950,F,8
7951,M,5
7952,F,4
7953,M,4
7954,M,5
7955,F,5
7956,M,4
7957,F,6
7958,M,5
7959,F,4
7960,M,4
7961,F,5
7962,M,4
7963,M,6
7964,M,6
7965,F,4
7966,M,3
7967,M,2
7968,F,2
7969,F,4
7970,F,6
7971,M,4
7972,M,2
7973,F,2
7974,F,5
7975,M,3
7976,F,6
7977,M,10
7978,F,7
7979,F,5
7980,M,2
7981,M,3
7982,M,2
7983,M,4
7984,F,2
7985,F,8
7986,M,10
7987,M,7
7988,F,8
7989,M,10
7990,F,4
7991,F,3
7992,F,2
7993,M,7
7994,F,7
7995,F,3
7996,M,8
7997,F,5
7998,F,4
7999,F,4
8000,F,5
8001,M,5
8002,M,4
8003,F,6
8004,M,5
8005,F,4
8006,F,4
8007,M,5
8008,M,4
8009,M,4
8010,F,4
8011,M,5
8012,M,6
8013,M,5
8014,M,4
8015,M,5
8016,M,5
8017,M,4
8018,M,5
8019,M,5
8020,M,4
8021,M,4
8022,F,5
8023,F,4
8024,F,5
8025,M,4
8026,F,4
8027,M,2
8028,F,4
8029,M,4
8030,M,4
8031,F,6
8032,F,5
8033,M,4
8034,F,5
8035,M,5
8036,M,5
8037,F,4
8038,M,5
8039,M,4
8040,F,5
8041,M,5
8042,M,5
8043,F,5
8044,M,3
8045,F,5
8046,M,4
8047,F,4
8048,M,5
8049,F,4
8050,F,2
8051,M,4
8052,M,4
8053,M,4
8054,M,4
8055,F,5
8056,M,3
8057,F,3
8058,M,3
8059,F,2
8060,F,4
8061,M,4
8062,F,5
8063,F,4
8064,F,2
8065,M,6
8066,F,4
8067,M,4
8068,F,2
8069,M,3
8070,F,3
8071,M,6
8072,M,2
8073,M,3
8074,F,2
8075,F,3
8076,F,4
8077,F,6
8078,F,4
8079,M,2
8080,F,3
8081,M,2
8082,F,3
8083,M,3
8084,F,3
8085,F,2
8086,M,2
8087,M,3
8088,F,3
8089,M,2
8090,F,2
8091,F,3
8092,F,3
8093,M,2
8094,F,4
8095,F,3
8096,M,5
8097,M,3
8098,M,3
8099,M,3
8100,M,5
8101,F,3
8102,M,3
8103,F,3
8104,F,3
8105,M,2
8106,F,2
8107,M,3
8108,F,6
8109,M,3
8110,M,2
8111,M,2
8112,F,4
8113,F,3
8114,M,3
8115,F,3
8116,M,3
8117,F,4
8118,F,3
8119,F,2
8120,F,4
8121,M,3
8122,M,2
8123,F,2
8124,M,4
8125,M,6
8126,F,4
8127,M,2
8128,M,2
8129,F,3
8130,M,4
8131,M,3
8132,F,3
8133,M,2
8134,F,5
8135,M,2
8136,F,2
8137,M,3
8138,M,4
8139,F,3
8140,F,3
8141,F,2
8142,F,3
8143,F,3
8144,F,2
8145,F,3
8146,M,4
8147,M,3
8148,F,3
8149,F,2
8150,M,5
8151,M,3
8152,F,3
8153,F,3
8154,F,3
8155,F,3
8156,F,3
8157,F,2
8158,M,6
8159,M,3
8160,F,2
8161,M,5
8162,F,3
8163,F,3
8164,F,3
8165,M,5
8166,M,3
8167,F,3
8168,M,3
8169,M,4
8170,M,6
8171,M,2
8172,F,3
8173,M,6
8174,M,3
8175,M,2
8176,F,3
8177,F,3
8178,M,3
8179,M,3
8180,M,2
8181,F,2
8182,F,4
8183,M,3
8184,F,2
8185,F,4
8186,F,2
8187,F,4
8188,M,4
8189,M,2
8190,F,2
8191,F,3
8192,M,3
8193,M,3
8194,M,2
8195,M,3
8196,M,3
8197,F,3
8198,F,3
8199,M,2
8200,F,4
8201,F,3
8202,F,3
8203,F,2
8204,F,2
8205,M,3
8206,M,3
8207,M,3
8208,F,3
8209,M,2
8210,F,4
8211,F,3
8212,F,3
8213,F,4
8214,F,3
8215,F,3
8216,M,2
8217,M,5
8218,F,3
8219,M,3
8220,F,3
8221,M,3
8222,F,3
8223,F,4
8224,M,3
8225,F,3
8226,M,3
8227,F,3
8228,F,3
8229,F,2
8230,M,4
8231,M,3
8232,F,4
8233,F,3
8234,M,3
8235,M,8
8236,F,8
8237,F,6
8238,M,4
8239,M,3
8240,M,4
8241,M,10
8242,F,3
8243,M,2
8244,F,7
8245,F,4
8246,F,2
8247,M,4
8248,M,10
8249,M,2
8250,F,5
8251,F,3
8252,F,2
8253,M,3
8254,M,2
8255,F,3
8256,M,6
8257,M,5
8258,M,4
8259,F,5
8260,F,5
8261,F,4
8262,M,5
8263,F,5
8264,F,4
8265,F,4
8266,M,5
8267,M,4
8268,F,5
8269,F,4
8270,M,4
8271,M,2
8272,F,4
8273,F,4
8274,F,4
8275,F,3
8276,F,3
8277,F,3
8278,F,3
8279,F,2
8280,M,4
8281,M,3
8282,F,4
8283,F,3
8284,M,3
8285,F,8
8286,F,8
8287,M,6
8288,F,4
8289,M,3
8290,M,4
8291,M,10
8292,M,3
8293,M,2
8294,F,7
8295,M,4
8296,F,2
8297,M,4
8298,F,10
8299,F,2
8300,M,5
8301,F,3
8302,F,2
8303,F,3
8304,M,2
8305,F,3
8306,M,6
8307,M,5
8308,F,4
8309,M,5
8310,F,5
8311,M,4
8312,F,5
8313,M,5
8314,M,4
8315,F,4
8316,F,5
8317,M,4
8318,F,5
8319,F,4
8320,M,4
8321,F,4
8322,M,4
8323,F,4
8324,F,5
8325,F,5
8326,M,4
8327,M,5
8328,F,4
8329,M,5
8330,M,5
8331,M,4
8332,F,4
8333,F,4
8334,M,6
8335,M,4
8336,F,5
8337,M,6
8338,M,5
8339,M,5
8340,F,4
8341,F,6
8342,F,4
8343,M,5
8344,M,5
8345,F,4
8346,F,5
8347,M,5
8348,F,4
8349,M,4
8350,F,5
8351,F,4
8352,F,4
8353,F,4
8354,F,4
8355,F,4
8356,M,5
8357,F,5
8358,M,5
8359,F,4
8360,F,4
8361,M,4
8362,M,6
8363,F,6
8364,F,5
8365,M,6
8366,F,4
8367,M,4
8368,F,3
8369,M,3
8370,F,2
8371,M,3
8372,F,3
8373,M,3
8374,M,4
8375,M,3
8376,M,2
8377,F,4
8378,M,2
8379,F,3
8380,F,3
8381,F,3
8382,M,3
8383,M,4
8384,F,4
8385,M,2
8386,F,3
8387,F,3
8388,M,5
8389,F,5
8390,M,2
8391,F,3
8392,M,2
8393,M,2
8394,M,3
8395,F,3
8396,F,2
8397,F,2
8398,M,3
8399,M,3
8400,F,3
8401,F,4
8402,F,3
8403,F,3
8404,M,3
8405,M,3
8406,F,3
8407,M,2
8408,M,2
8409,M,5
8410,M,2
8411,M,2
8412,M,3
8413,M,2
8414,M,3
8415,F,2
8416,M,5
8417,F,3
8418,M,2
8419,M,3
8420,M,2
8421,F,3
8422,M,4
8423,M,3
8424,F,2
8425,F,4
8426,F,3
8427,F,2
8428,M,4
8429,F,3
8430,F,4
8431,F,2
8432,F,4
8433,M,2
8434,M,3
8435,M,3
8436,F,3
8437,F,4
8438,M,4
8439,F,5
8440,F,4
8441,F,6
8442,M,2
8443,M,2
8444,F,3
8445,F,3
8446,M,2
8447,F,2
8448,F,4
8449,M,3
8450,F,5
8451,F,2
8452,F,3
8453,M,4
8454,F,3
8455,M,3
8456,F,3
8457,M,2
8458,M,3
8459,F,3
8460,M,3
8461,F,2
8462,M,4
8463,F,4
8464,M,2
8465,M,2
8466,F,2
8467,F,3
8468,F,3
8469,F,3
8470,M,4
8471,M,2
8472,M,2
8473,M,3
8474,M,3
8475,M,3
8476,M,2
8477,F,6
8478,F,3
8479,M,5
8480,F,2
8481,F,3
8482,M,2
8483,F,5
8484,M,2
8485,F,2
8486,F,3
8487,M,3
8488,F,3
8489,M,2
8490,F,3
8491,F,2
8492,M,3
8493,M,3
8494,M,2
8495,F,2
8496,M,3
8497,F,5
8498,M,4
8499,M,3
8500,F,3
8501,M,2
8502,F,6
8503,M,2
8504,F,2
8505,M,2
8506,F,6
8507,M,3
8508,M,4
8509,F,3
8510,M,4
8511,F,2
8512,M,2
8513,F,3
8514,M,6
8515,F,2
8516,F,2
8517,M,2
8518,F,4
8519,M,3
8520,F,2
8521,M,4
8522,M,3
8523,M,2
8524,M,2
8525,M,3
8526,F,3
8527,M,8
8528,M,2
8529,F,3
8530,F,3
8531,M,3
8532,F,4
8533,F,5
8534,F,2
8535,F,4
8536,F,10
8537,M,8
8538,F,10
8539,M,3
8540,M,3
8541,M,10
8542,F,10
8543,F,8
8544,M,4
8545,F,4
8546,F,2
8547,F,2
8548,F,3
8549,M,5
8550,M,4
8551,F,5
8552,M,4
8553,F,5
8554,M,5
8555,M,4
8556,M,4
8557,M,4
8558,M,6
8559,M,4
8560,F,5
8561,M,6
8562,F,5
8563,M,5
8564,M,2
8565,M,2
8566,M,2
8567,M,4
8568,F,3
8569,F,2
8570,M,4
8571,M,3
8572,F,2
8573,F,2
8574,F,3
8575,M,3
8576,F,8
8577,F,2
8578,M,3
8579,F,3
8580,F,3
8581,F,4
8582,M,5
8583,M,2
8584,M,4
8585,F,10
8586,F,8
8587,M,10
8588,M,3
8589,M,3
8590,F,10
8591,F,10
8592,M,8
8593,M,4
8594,M,4
8595,F,2
8596,F,2
8597,F,3
8598,M,5
8599,F,4
8600,M,5
8601,M,4
8602,M,5
8603,M,5
8604,M,4
8605,M,4
8606,M,4
8607,F,6
8608,F,4
8609,M,5
8610,M,6
8611,F,5
8612,F,5
8613,M,5
8614,F,4
8615,M,4
8616,M,5
8617,F,4
8618,F,6
8619,F,5
8620,M,6
8621,F,5
8622,M,5
8623,M,5
8624,F,5
8625,M,5
8626,F,5
8627,M,4
8628,F,5
8629,M,5
8630,F,4
8631,M,4
8632,F,5
8633,F,4
8634,F,5
8635,M,4
8636,M,4
8637,M,4
8638,F,5
8639,F,4
8640,M,5
8641,F,5
8642,M,4
8643,M,5
8644,M,5
8645,M,5
8646,F,5
8647,M,6
8648,F,4
8649,M,4
8650,M,4
8651,F,6
8652,F,4
8653,M,5
8654,F,5
8655,F,4
8656,M,4
8657,F,4
8658,M,5
8659,M,4
8660,F,4
8661,M,5
8662,F,5
8663,F,4
8664,F,5
8665,F,4
8666,F,3
8667,F,3
8668,F,3
8669,M,3
8670,M,2
8671,M,3
8672,M,3
8673,M,3
8674,F,2
8675,F,3
8676,F,3
8677,F,4
8678,F,5
8679,M,3
8680,F,2
8681,M,2
8682,M,3
8683,F,3
8684,M,4
8685,F,3
8686,F,4
8687,M,2
8688,M,3
8689,M,3
8690,F,3
8691,M,3
8692,F,2
8693,M,2
8694,M,4
8695,F,3
8696,M,3
8697,F,3
8698,M,3
8699,F,4
8700,M,3
8701,M,3
8702,M,3
8703,F,3
8704,F,2
8705,F,3
8706,M,3
8707,M,4
8708,M,2
8709,F,3
8710,F,2
8711,M,4
8712,M,3
8713,F,6
8714,M,4
8715,F,4
8716,M,2
8717,F,3
8718,F,6
8719,F,3
8720,F,4
8721,F,2
8722,F,2
8723,F,3
8724,F,4
8725,F,2
8726,F,2
8727,M,3
8728,M,2
8729,M,2
8730,M,3
8731,M,2
8732,M,2
8733,M,4
8734,M,2
8735,M,2
8736,F,3
8737,F,2
8738,M,3
8739,F,3
8740,M,2
8741,M,3
8742,F,2
8743,F,2
8744,F,2
8745,F,2
8746,M,2
8747,F,2
8748,M,3
8749,M,3
8750,F,3
8751,F,3
8752,M,4
8753,M,3
8754,F,2
8755,M,4
8756,F,3
8757,M,3
8758,F,5
8759,M,3
8760,F,2
8761,F,6
8762,M,3
8763,M,5
8764,F,2
8765,M,2
8766,M,3
8767,F,3
8768,F,6
8769,F,3
8770,M,5
8771,M,3
8772,M,2
8773,F,4
8774,F,3
8775,F,2
8776,M,3
8777,M,3
8778,F,3
8779,M,6
8780,M,2
8781,M,5
8782,F,3
8783,M,3
8784,F,4
8785,F,3
8786,F,3
8787,F,2
8788,F,3
8789,M,3
8790,F,3
8791,F,4
8792,F,2
8793,F,3
8794,F,2
8795,M,4
8796,M,3
8797,M,4
8798,M,2
8799,F,3
8800,F,3
8801,F,2
8802,F,3
8803,M,3
8804,F,2
8805,F,2
8806,F,2
8807,F,3
8808,F,3
8809,M,3
8810,F,10
8811,F,7
8812,F,3
8813,F,8
8814,F,4
8815,M,10
8816,F,3
8817,M,7
8818,F,8
8819,F,5
8820,M,5
8821,M,4
8822,F,4
8823,F,5
8824,F,4
8825,M,6
8826,M,5
8827,F,6
8828,M,5
8829,F,5
8830,F,5
8831,M,5
8832,M,5
8833,F,5
8834,F,4
8835,M,5
8836,M,5
8837,M,4
8838,F,4
8839,M,5
8840,F,4
8841,M,5
8842,M,4
8843,M,3
8844,F,2
8845,M,2
8846,F,2
8847,F,3
8848,F,3
8849,M,3
8850,F,10
8851,M,7
8852,F,3
8853,M,8
8854,F,4
8855,F,10
8856,F,3
8857,M,7
8858,F,8
8859,F,5
8860,F,5
8861,M,4
8862,F,4
8863,M,5
8864,M,4
8865,M,6
8866,F,5
8867,M,6
8868,F,5
8869,M,5
8870,F,5
8871,M,5
8872,M,5
8873,F,5
8874,M,4
8875,M,5
8876,F,5
8877,F,4
8878,F,4
8879,F,5
8880,F,5
8881,M,4
8882,F,4
8883,F,5
8884,M,5
8885,F,4
8886,F,4
8887,F,4
8888,F,6
8889,F,5
8890,F,4
8891,M,4
8892,M,5
8893,F,5
8894,M,5
8895,F,5
8896,M,4
8897,M,4
8898,M,5
8899,M,4
8900,M,5
8901,F,4
8902,M,5
8903,F,4
8904,F,4
8905,F,4
8906,M,5
8907,F,3
8908,M,3
8909,M,4
8910,M,4
8911,M,4
8912,F,4
8913,F,5
8914,M,4
8915,M,4
8916,F,4
8917,M,5
8918,M,5
8919,F,5
8920,M,5
8921,M,4
8922,M,5
8923,M,5
8924,M,4
8925,F,4
8926,F,4
8927,F,4
8928,M,3
8929,M,6
8930,M,5
8931,M,5
8932,M,5
8933,M,4
8934,F,5
8935,F,5
8936,F,4
8937,M,5
8938,M,4
8939,F,4
8940,F,3
8941,F,2
8942,F,2
8943,F,3
8944,M,2
8945,F,3
8946,F,2
8947,M,3
8948,F,3
8949,F,4
8950,M,3
8951,M,2
8952,M,3
8953,F,2
8954,M,5
8955,M,5
8956,F,3
8957,M,4
8958,M,4
8959,F,2
8960,M,3
8961,F,3
8962,F,6
8963,F,5
8964,F,5
8965,F,3
8966,F,3
8967,M,3
8968,F,4
8969,M,2
8970,F,2
8971,F,2
8972,M,3
8973,F,4
8974,M,4
8975,F,2
8976,F,4
8977,M,3
8978,F,5
8979,M,4
8980,F,3
8981,M,3
8982,F,3
8983,F,3
8984,M,2
8985,F,4
8986,F,2
8987,F,3
8988,F,2
8989,M,3
8990,F,2
8991,F,4
8992,F,4
8993,F,2
8994,F,3
8995,F,3
8996,M,3
8997,F,3
8998,F,3
8999,M,4
9000,M,2
9001,F,2
9002,M,3
9003,M,2
9004,M,3
9005,M,2
9006,M,4
9007,M,4
9008,M,4
9009,M,5
9010,M,4
9011,M,3
9012,F,4
9013,F,2
9014,F,3
9015,M,2
9016,F,2
9017,F,3
9018,M,4
9019,F,4
9020,M,3
9021,M,5
9022,M,4
9023,M,3
9024,M,4
9025,F,5
9026,F,5
9027,F,5
9028,M,3
9029,M,4
9030,F,3
9031,M,6
9032,M,4
9033,F,4
9034,M,4
9035,F,4
9036,M,3
9037,M,2
9038,M,2
9039,F,2
9040,F,2
9041,F,4
9042,M,3
9043,F,2
9044,F,4
9045,F,2
9046,M,3
9047,F,3
9048,F,3
9049,F,3
9050,M,2
9051,F,3
9052,M,3
9053,F,3
9054,M,2
9055,M,3
9056,M,2
9057,M,3
9058,M,3
9059,M,3
9060,F,3
9061,F,3
9062,F,6
9063,F,4
9064,M,4
9065,F,4
9066,M,3
9067,M,3
9068,F,2
9069,F,2
9070,M,2
9071,F,2
9072,F,3
9073,M,2
9074,M,2
9075,M,3
9076,M,3
9077,M,3
9078,M,2
9079,F,2
9080,M,10
9081,F,7
9082,F,2
9083,M,3
9084,F,3
9085,F,10
9086,M,8
9087,M,6
9088,M,3
9089,M,4
9090,F,4
9091,F,4
9092,M,5
9093,F,5
9094,M,4
9095,F,4
9096,M,4
9097,M,6
9098,M,5
9099,F,4
9100,M,4
9101,M,5
9102,M,5
9103,M,5
9104,M,5
9105,M,4
9106,M,4
9107,F,3
9108,M,3
9109,F,2
9110,F,2
9111,M,2
9112,F,2
9113,M,3
9114,F,2
9115,F,2
9116,M,3
9117,M,3
9118,F,3
9119,F,2
9120,M,2
9121,F,10
9122,F,7
9123,M,2
9124,M,3
9125,F,3
9126,F,10
9127,M,8
9128,F,6
9129,F,3
9130,F,4
9131,M,4
9132,F,4
9133,F,5
9134,M,5
9135,M,4
9136,M,4
9137,F,4
9138,M,6
9139,M,5
9140,F,4
9141,M,4
9142,M,5
9143,M,5
9144,M,5
9145,M,5
9146,M,4
9147,F,5
9148,M,4
9149,M,4
9150,F,4
9151,F,4
9152,M,4
9153,M,4
9154,M,6
9155,F,4
9156,F,4
9157,F,4
9158,F,4
9159,F,5
9160,M,4
9161,F,5
9162,F,4
9163,M,6
9164,M,4
9165,M,5
9166,F,6
9167,M,3
9168,F,4
9169,F,5
9170,F,5
9171,F,5
9172,M,6
9173,F,4
9174,F,4
9175,M,5
9176,M,5
9177,F,6
9178,M,2
9179,F,5
9180,F,6
9181,F,4
9182,M,4
9183,F,4
9184,M,5
9185,F,5
9186,M,4
9187,F,5
9188,M,5
9189,M,5
9190,F,5
9191,M,5
9192,F,4
9193,M,5
9194,M,4
9195,F,5
9196,M,5
9197,M,5
9198,F,6
9199,F,4
9200,M,4
9201,F,2
9202,M,5
9203,M,2
9204,F,4
9205,F,6
9206,M,3
9207,M,2
9208,F,3
9209,M,3
9210,F,5
9211,M,3
9212,F,2
9213,M,3
9214,M,2
9215,F,3
9216,M,3
9217,F,3
9218,F,4
9219,M,4
9220,M,4
9221,F,3
9222,F,3
9223,M,3
9224,F,2
9225,M,4
9226,F,6
9227,M,2
9228,F,3
9229,M,3
9230,M,5
9231,F,2
9232,F,3
9233,M,2
9234,M,6
9235,F,3
9236,M,3
9237,F,4
9238,F,2
9239,M,3
9240,F,2
9241,M,3
9242,F,6
9243,F,2
9244,M,2
9245,M,2
9246,M,3
9247,F,3
9248,F,2
9249,M,4
9250,F,2
9251,M,3
9252,F,3
9253,F,4
9254,M,3
9255,F,3
9256,M,3
9257,M,4
9258,M,5
9259,F,4
9260,M,3
9261,F,2
9262,M,3
9263,M,3
9264,F,2
9265,F,4
9266,M,3
9267,M,3
9268,F,3
9269,F,3
9270,F,3
9271,M,4
9272,M,3
9273,M,3
9274,M,3
9275,F,2
9276,F,4
9277,M,4
9278,M,6
9279,M,2
9280,F,2
9281,M,4
9282,F,3
9283,M,3
9284,M,2
9285,M,3
9286,M,2
9287,M,3
9288,M,2
9289,F,6
9290,F,3
9291,M,3
9292,M,5
9293,M,3
9294,M,2
9295,M,2
9296,M,3
9297,F,6
9298,F,3
9299,F,2
9300,M,2
9301,F,6
9302,F,2
9303,M,3
9304,M,4
9305,M,3
9306,F,4
9307,F,4
9308,F,3
9309,F,3
9310,F,2
9311,M,5
9312,M,2
9313,M,2
9314,F,3
9315,F,2
9316,M,4
9317,F,2
9318,F,2
9319,F,3
9320,M,3
9321,F,4
9322,F,3
9323,M,3
9324,M,3
9325,M,5
9326,F,4
9327,F,5
9328,F,6
9329,M,6
9330,M,4
9331,F,3
9332,M,4
9333,F,4
9334,M,4
9335,F,4
9336,M,3
9337,F,7
9338,M,7
9339,M,3
9340,M,3
9341,F,3
9342,F,3
9343,M,3
9344,M,2
9345,F,3
9346,F,2
9347,F,3
9348,M,10
9349,M,4
9350,F,4
9351,F,4
9352,M,4
9353,F,6
9354,F,4
9355,M,4
9356,F,4
9357,M,4
9358,F,5
9359,F,4
9360,M,5
9361,F,4
9362,F,6
9363,M,4
9364,F,5
9365,F,2
9366,F,3
9367,F,3
9368,M,4
9369,F,3
9370,M,3
9371,F,3
9372,M,5
9373,M,4
9374,M,5
9375,F,6
9376,F,6
9377,M,4
9378,M,3
9379,M,4
9380,F,4
9381,M,4
9382,F,4
9383,F,3
9384,M,7
9385,F,7
9386,F,3
9387,M,3
9388,F,3
9389,M,3
9390,F,3
9391,F,2
9392,F,3
9393,F,2
9394,M,3
9395,F,10
9396,M,4
9397,M,4
9398,F,4
9399,F,4
9400,M,6
9401,M,4
9402,F,4
9403,F,4
9404,M,4
9405,F,5
9406,F,4
9407,F,5
9408,M,4
9409,M,6
9410,F,4
9411,M,5
9412,F,5
9413,F,4
9414,F,5
9415,M,4
9416,M,5
9417,M,5
9418,M,4
9419,M,6
9420,F,4
9421,M,4
9422,M,2
9423,M,5
9424,M,4
9425,M,4
9426,M,5
9427,M,4
9428,M,5
9429,F,5
9430,F,5
9431,M,4
9432,M,4
9433,F,4
9434,F,5
9435,M,5
9436,F,4
9437,F,5
9438,F,3
9439,F,4
9440,F,5
9441,F,6
9442,F,5
9443,F,5
9444,M,5
9445,F,5
9446,M,5
9447,F,4
9448,F,5
9449,F,6
9450,M,5
9451,F,4
9452,M,5
9453,M,5
9454,M,5
9455,M,5
9456,F,5
9457,F,5
9458,F,5
9459,M,5
9460,F,4
9461,F,4
9462,F,4
9463,M,4
9464,F,3
9465,F,3
9466,F,3
9467,M,4
9468,F,3
9469,F,2
9470,F,3
9471,M,3
9472,M,3
9473,F,3
9474,F,3
9475,M,3
9476,M,2
9477,F,3
9478,F,3
9479,M,3
9480,F,2
9481,M,2
9482,F,3
9483,M,6
9484,F,3
9485,F,2
9486,F,3
9487,F,2
9488,M,3
9489,F,3
9490,M,3
9491,M,3
9492,F,2
9493,F,5
9494,F,4
9495,M,4
9496,F,3
9497,F,3
9498,F,3
9499,M,3
9500,M,4
9501,F,3
9502,M,3
9503,M,6
9504,M,2
9505,F,3
9506,F,3
9507,M,3
9508,M,3
9509,M,3
9510,F,2
9511,M,3
9512,F,3
9513,F,5
9514,M,4
9515,F,3
9516,F,2
9517,F,4
9518,F,3
9519,F,4
9520,F,5
9521,M,3
9522,F,6
9523,F,4
9524,F,4
9525,F,3
9526,M,3
9527,M,6
9528,M,4
9529,F,2
9530,M,3
9531,F,5
9532,M,2
9533,F,4
9534,F,4
9535,M,6
9536,F,3
9537,M,4
9538,M,3
9539,M,3
9540,M,2
9541,M,2
9542,M,3
9543,F,5
9544,F,3
9545,M,2
9546,F,3
9547,M,2
9548,M,4
9549,M,2
9550,F,4
9551,M,3
9552,M,4
9553,M,2
9554,F,4
9555,F,2
9556,F,3
9557,F,2
9558,M,3
9559,F,4
9560,M,3
9561,M,2
9562,M,3
9563,M,3
9564,M,2
9565,M,3
9566,F,2
9567,M,2
9568,M,2
9569,M,3
9570,M,5
9571,F,2
9572,M,3
9573,F,5
9574,F,3
9575,M,6
9576,M,3
9577,M,4
9578,F,2
9579,F,3
9580,F,3
9581,F,4
9582,M,3
9583,M,2
9584,M,2
9585,F,3
9586,M,5
9587,M,2
9588,M,4
9589,F,4
9590,F,4
9591,F,4
9592,F,5
9593,M,4
9594,F,3
9595,M,5
9596,F,3
9597,F,3
9598,M,3
9599,M,4
9600,M,3
9601,F,3
9602,F,3
9603,M,3
9604,M,2
9605,F,3
9606,M,2
9607,F,4
9608,M,2
9609,F,3
9610,F,3
9611,M,2
9612,M,3
9613,F,3
9614,F,3
9615,M,6
9616,F,4
9617,M,2
9618,F,3
9619,M,7
9620,M,7
9621,F,2
9622,F,2
9623,M,10
9624,M,4
9625,F,5
9626,F,4
9627,M,5
9628,M,5
9629,M,4
9630,M,6
9631,F,4
9632,M,4
9633,F,2
9634,F,5
9635,F,4
9636,M,4
9637,F,5
9638,M,4
9639,M,2
9640,F,3
9641,M,3
9642,M,2
9643,F,3
9644,M,3
9645,M,3
9646,M,6
9647,F,4
9648,M,2
9649,F,3
9650,M,7
9651,F,7
9652,F,2
9653,M,2
9654,F,10
9655,M,4
9656,F,5
9657,M,4
9658,M,5
9659,M,5
9660,F,4
9661,F,6
9662,M,4
9663,F,4
9664,F,2
9665,F,5
9666,F,4
9667,F,4
9668,F,5
9669,F,4
9670,M,4
9671,M,5
9672,F,4
9673,M,4
9674,F,5
9675,M,4
9676,F,5
9677,M,4
9678,F,5
9679,M,4
9680,F,5
9681,F,4
9682,F,5
9683,M,4
9684,M,5
9685,F,4
9686,F,4
9687,F,5
9688,M,5
9689,M,4
9690,F,4
9691,F,5
9692,M,4
9693,M,4
9694,M,6
9695,F,5
9696,M,4
9697,F,4
9698,F,4
9699,F,5
9700,M,5
9701,M,6
9702,M,4
9703,F,4
9704,F,5
9705,M,5
9706,M,5
9707,F,4
9708,M,6
9709,M,4
9710,F,6
9711,F,4
9712,F,5
9713,F,4
9714,M,5
9715,F,6
9716,F,3
9717,F,2
9718,M,3
9719,M,5
9720,F,3
9721,M,3
9722,M,2
9723,M,3
9724,M,3
9725,M,3
9726,M,5
9727,M,5
9728,F,3
9729,M,3
9730,M,4
9731,M,2
9732,M,2
9733,F,3
9734,M,2
9735,F,4
9736,M,3
9737,F,2
9738,F,3
9739,M,3
9740,M,3
9741,M,2
9742,M,3
9743,M,2
9744,F,3
9745,F,5
9746,F,2
9747,F,3
9748,M,3
9749,F,4
9750,M,2
9751,F,3
9752,F,3
9753,M,2
9754,F,2
9755,M,3
9756,F,3
9757,F,3
9758,F,3
9759,M,3
9760,F,3
9761,M,4
9762,M,2
9763,M,4
9764,M,6
9765,F,2
9766,F,2
9767,F,4
9768,M,3
9769,F,3
9770,F,3
9771,F,5
9772,F,2
9773,F,4
9774,M,6
9775,F,3
9776,F,3
9777,M,3
9778,F,3
9779,F,3
9780,F,2
9781,F,3
9782,M,2
9783,M,3
9784,M,6
9785,M,3
9786,F,3
9787,M,3
9788,M,2
9789,M,3
9790,M,3
9791,M,3
9792,F,3
9793,M,3
9794,F,3
9795,M,2
9796,M,2
9797,M,2
9798,F,3
9799,M,6
9800,M,2
9801,M,4
9802,F,4
9803,F,3
9804,M,3
9805,F,4
9806,F,2
9807,M,2
9808,F,6
9809,F,6
9810,M,2
9811,F,2
9812,F,3
9813,F,3
9814,M,4
9815,F,3
9816,F,3
9817,F,3
9818,F,3
9819,M,2
9820,F,4
9821,F,2
9822,M,3
9823,F,4
9824,M,3
9825,M,5
9826,F,2
9827,M,5
9828,M,2
9829,M,3
9830,F,6
9831,M,4
9832,M,2
9833,F,4
9834,F,2
9835,M,3
9836,M,3
9837,M,3
9838,F,4
9839,M,4
9840,F,2
9841,M,3
9842,M,6
9843,M,3
9844,M,3
9845,F,3
9846,M,3
9847,F,3
9848,F,4
9849,M,2
9850,F,3
9851,F,4
9852,F,2
9853,M,3
9854,M,6
9855,F,3
9856,F,3
9857,F,2
9858,M,3
9859,F,5
9860,M,4
9861,M,3
9862,M,2
9863,F,2
9864,F,3
9865,M,3
9866,F,5
9867,F,3
9868,F,3
9869,M,3
9870,F,6
9871,M,3
9872,F,2
9873,F,3
9874,F,4
9875,F,8
9876,F,5
9877,F,3
9878,M,3
9879,M,5
9880,F,4
9881,F,4
9882,M,5
9883,F,4
9884,M,5
9885,F,4
9886,M,5
9887,F,4
9888,F,5
9889,F,4
9890,F,5
9891,F,3
9892,M,2
9893,F,2
9894,F,3
9895,M,3
9896,F,5
9897,F,3
9898,F,3
9899,F,3
9900,F,6
9901,F,3
9902,F,2
9903,F,3
9904,M,4
9905,M,8
9906,M,5
9907,F,3
9908,M,3
9909,M,5
9910,F,4
9911,M,4
9912,F,5
9913,M,4
9914,F,5
9915,F,4
9916,F,5
9917,M,4
9918,M,5
9919,F,4
9920,M,4
9921,F,4
9922,M,5
9923,F,4
9924,M,5
9925,M,4
9926,M,4
9927,F,5
9928,F,4
9929,M,5
9930,M,4
9931,M,6
9932,M,5
9933,F,5
9934,M,5
9935,M,6
9936,F,5
9937,F,6
9938,F,4
9939,M,4
9940,F,5
9941,F,5
9942,F,5
9943,F,6
9944,F,4
9945,F,4
9946,F,5
9947,F,4
9948,M,5
9949,M,6
9950,F,4
9951,F,5
9952,F,4
9953,M,4
9954,M,5
9955,F,4
9956,F,5
9957,F,5
9958,M,4
9959,M,6
9960,F,5
9961,F,4
9962,M,5
9963,F,5
9964,M,4
9965,F,2
9966,M,4
9967,F,4
9968,M,2
9969,M,3
9970,F,5
9971,M,2
9972,F,3
9973,F,2
9974,M,2
9975,M,2
9976,M,5
9977,M,3
9978,F,2
9979,F,3
9980,M,2
9981,M,3
9982,M,4
9983,F,2
9984,F,3
9985,F,3
9986,M,3
9987,M,3
9988,F,5
9989,M,3
9990,M,2
9991,F,5
9992,F,3
9993,M,2
9994,F,4
9995,F,4
9996,M,2
9997,F,3
9998,M,2
9999,M,3
10000,M,3
10001,F,2
10002,M,5
10003,M,3
10004,F,2
10005,M,3
10006,M,3
10007,F,3
10008,F,3
10009,F,3
10010,F,3
10011,M,4
10012,F,2
10013,M,3
10014,M,3
10015,M,2
10016,F,2
10017,F,3
10018,F,3
10019,M,3
10020,M,2
10021,F,2
10022,M,2
10023,F,3
10024,M,3
10025,M,3
10026,M,3
10027,F,4
10028,F,4
10029,M,3
10030,F,4
10031,F,3
10032,F,3
10033,M,6
10034,M,2
10035,F,3
10036,M,3
10037,M,5
10038,M,2
10039,F,2
10040,F,2
10041,F,3
10042,M,2
10043,F,3
10044,M,2
10045,F,2
10046,M,4
10047,F,3
10048,F,3
10049,F,4
10050,M,4
10051,M,5
10052,F,2
10053,F,5
10054,F,3
10055,M,2
10056,M,3
10057,F,3
10058,F,2
10059,F,4
10060,F,3
10061,F,5
10062,M,3
10063,M,3
10064,M,2
10065,F,2
10066,F,4
10067,M,3
10068,M,2
10069,F,2
10070,F,2
10071,M,2
10072,F,4
10073,F,3
10074,M,3
10075,M,4
10076,F,4
10077,F,3
10078,M,3
10079,F,3
10080,F,3
10081,M,4
10082,F,2
10083,M,2
10084,F,3
10085,F,3
10086,F,3
10087,M,3
10088,M,2
10089,M,4
10090,F,4
10091,M,2
10092,M,2
10093,M,4
10094,F,2
10095,F,2
10096,M,3
10097,F,3
10098,F,4
10099,M,3
10100,M,3
10101,M,3
10102,M,2
10103,F,3
10104,M,2
10105,M,4
10106,M,3
10107,M,3
10108,F,3
10109,F,3
10110,M,3
10111,M,2
10112,M,3
10113,M,3
10114,M,4
10115,M,2
10116,M,5
10117,M,3
10118,F,3
10119,F,3
10120,F,3
10121,M,6
10122,F,4
10123,F,2
10124,F,6
10125,M,6
10126,M,2
10127,F,4
10128,F,3
10129,M,4
10130,F,2
10131,F,3
10132,F,8
10133,F,10
10134,F,3
10135,F,2
10136,F,3
10137,F,3
10138,F,4
10139,F,4
10140,M,5
10141,M,4
10142,M,5
10143,M,4
10144,M,4
10145,M,5
10146,F,4
10147,F,5
10148,F,4
10149,F,6
10150,M,5
10151,M,5
10152,F,5
10153,M,6
10154,F,5
10155,F,5
10156,M,3
10157,F,3
10158,M,3
10159,M,3
10160,M,6
10161,M,4
10162,M,2
10163,M,6
10164,F,6
10165,M,2
10166,F,4
10167,M,3
10168,F,4
10169,F,2
10170,M,3
10171,M,8
10172,F,10
10173,M,3
10174,F,2
10175,F,3
10176,F,3
10177,F,4
10178,F,4
10179,M,5
10180,M,4
10181,M,5
10182,M,4
10183,M,4
10184,F,5
10185,F,4
10186,F,5
10187,F,4
10188,M,6
10189,F,5
10190,F,5
10191,M,5
10192,F,4
10193,F,2
10194,M,4
10195,M,4
10196,F,6
10197,M,6
10198,M,5
10199,M,6
10200,F,5
10201,F,4
10202,F,4
10203,F,5
10204,M,5
10205,F,5
10206,M,5
10207,F,5
10208,F,6
10209,M,6
10210,M,5
10211,M,5
10212,M,5
10213,F,5
10214,M,4
10215,F,5
10216,F,6
10217,F,5
10218,F,5
10219,M,5
10220,F,5
10221,M,5
10222,F,5
10223,M,6
10224,F,5
10225,M,6
10226,F,6
10227,F,4
10228,F,3
10229,M,2
10230,F,5
10231,M,3
10232,F,6
10233,F,2
10234,M,2
10235,F,4
10236,M,2
10237,F,2
10238,F,3
10239,F,2
10240,M,3
10241,F,4
10242,M,3
10243,M,3
10244,F,3
10245,M,2
10246,F,4
10247,F,4
10248,M,3
10249,M,2
10250,F,3
10251,F,3
10252,F,2
10253,F,3
10254,M,3
10255,M,3
10256,M,3
10257,M,3
10258,F,5
10259,M,3
10260,M,4
10261,M,3
10262,M,2
10263,M,3
10264,F,2
10265,F,3
10266,F,3
10267,F,5
10268,M,3
10269,M,3
10270,F,2
10271,M,3
10272,F,3
10273,M,3
10274,M,2
10275,M,3
10276,M,3
10277,M,5
10278,F,4
10279,F,3
10280,F,2
10281,M,3
10282,F,3
10283,M,3
10284,F,2
10285,M,3
10286,F,2
10287,M,2
10288,F,2
10289,M,3
10290,F,2
10291,M,2
10292,F,3
10293,F,3
10294,M,2
10295,F,4
10296,F,4
10297,F,6
10298,F,4
10299,F,4
10300,M,5
10301,F,3
10302,M,3
10303,M,3
10304,F,2
10305,F,2
10306,M,3
10307,M,3
10308,F,2
10309,M,3
10310,M,5
10311,M,3
10312,M,3
10313,F,3
10314,F,6
10315,F,2
10316,F,3
10317,M,2
10318,F,3
10319,F,3
10320,F,2
10321,F,3
10322,M,2
10323,F,2
10324,F,4
10325,F,3
10326,M,5
10327,F,3
10328,F,5
10329,M,5
10330,F,2
10331,M,6
10332,F,3
10333,M,5
10334,F,5
10335,F,4
10336,F,3
10337,M,3
10338,F,3
10339,M,2
10340,F,2
10341,M,5
10342,M,2
10343,F,3
10344,F,4
10345,M,2
10346,M,3
10347,M,6
10348,M,3
10349,F,4
10350,F,3
10351,F,2
10352,M,3
10353,F,2
10354,M,6
10355,M,3
10356,F,3
10357,M,2
10358,M,3
10359,F,3
10360,F,4
10361,F,3
10362,M,3
10363,F,3
10364,F,3
10365,F,3
10366,F,4
10367,M,2
10368,F,3
10369,M,3
10370,F,6
10371,M,3
10372,M,3
10373,M,2
10374,M,2
10375,F,3
10376,M,2
10377,F,3
10378,M,2
10379,F,3
10380,F,2
10381,M,4
10382,F,3
10383,M,2
10384,M,3
10385,M,2
10386,F,2
10387,M,6
10388,F,2
10389,F,3
10390,M,2
10391,M,3
10392,M,3
10393,M,3
10394,M,3
10395,F,10
10396,F,6
10397,M,5
10398,M,3
10399,F,10
10400,F,10
10401,M,3
10402,F,3
10403,F,3
10404,F,6
10405,F,6
10406,F,5
10407,F,6
10408,M,5
10409,M,4
10410,F,4
10411,M,5
10412,F,5
10413,M,5
10414,M,5
10415,M,5
10416,M,6
10417,F,6
10418,M,5
10419,F,5
10420,F,4
10421,M,3
10422,M,2
10423,M,3
10424,M,2
10425,M,2
10426,F,6
10427,M,2
10428,F,3
10429,F,2
10430,M,3
10431,M,3
10432,M,3
10433,F,3
10434,F,10
10435,M,6
10436,M,5
10437,F,3
10438,M,10
10439,F,10
10440,F,3
10441,M,3
10442,M,3
10443,F,6
10444,F,6
10445,M,5
10446,M,6
10447,F,5
10448,M,4
10449,F,4
10450,M,5
10451,M,5
10452,F,5
10453,M,5
10454,M,5
10455,M,6
10456,F,6
10457,M,6
10458,M,6
10459,F,6
10460,F,3
10461,M,5
10462,M,5
10463,F,5
10464,F,5
10465,F,5
10466,F,6
10467,M,6
10468,M,5
10469,M,5
10470,F,6
10471,F,6
10472,M,5
10473,F,5
10474,M,5
10475,M,4
10476,F,5
10477,F,5
10478,M,5
10479,F,4
10480,F,5
10481,M,5
10482,M,5
10483,F,5
10484,F,5
10485,F,5
10486,M,6
10487,F,5
10488,F,5
10489,F,3
10490,M,2
10491,F,4
10492,M,3
10493,M,3
10494,M,3
10495,M,3
10496,M,6
10497,F,2
10498,M,3
10499,M,3
10500,F,2
10501,M,3
10502,F,2
10503,M,3
10504,M,3
10505,M,3
10506,F,4
10507,F,4
10508,M,2
10509,M,2
10510,M,2
10511,M,2
10512,F,2
10513,M,2
10514,F,3
10515,M,3
10516,M,3
10517,F,2
10518,M,3
10519,M,2
10520,M,2
10521,F,3
10522,M,2
10523,M,3
10524,M,4
10525,F,3
10526,F,2
10527,M,6
10528,M,3
10529,M,6
10530,F,2
10531,M,3
10532,M,4
10533,M,2
10534,M,3
10535,F,3
10536,F,3
10537,M,3
10538,F,4
10539,M,6
10540,M,3
10541,F,4
10542,F,4
10543,M,2
10544,M,3
10545,F,2
10546,F,4
10547,M,3
10548,M,5
10549,M,3
10550,M,5
10551,F,4
10552,M,2
10553,F,2
10554,F,5
10555,F,3
10556,M,3
10557,M,3
10558,F,5
10559,F,2
10560,M,3
10561,F,3
10562,M,2
10563,F,5
10564,M,2
10565,F,2
10566,M,4
10567,M,2
10568,F,4
10569,F,3
10570,F,2
10571,M,2
10572,F,3
10573,F,2
10574,F,3
10575,M,4
10576,F,3
10577,F,3
10578,M,4
10579,M,3
10580,M,4
10581,F,3
10582,F,4
10583,M,4
10584,M,2
10585,F,3
10586,M,5
10587,F,3
10588,F,3
10589,F,3
10590,M,2
10591,M,2
10592,M,2
10593,F,3
10594,F,2
10595,F,2
10596,F,2
10597,F,3
10598,F,3
10599,M,3
10600,F,3
10601,F,5
10602,F,3
10603,M,4
10604,M,4
10605,F,3
10606,F,3
10607,F,3
10608,F,4
10609,F,3
10610,F,2
10611,M,4
10612,M,5
10613,M,3
10614,F,3
10615,F,4
10616,F,4
10617,F,3
10618,M,3
10619,F,6
10620,M,2
10621,F,3
10622,M,2
10623,M,2
10624,F,3
10625,M,3
10626,M,2
10627,F,2
10628,F,3
10629,M,2
10630,M,4
10631,F,2
10632,F,3
10633,M,4
10634,M,2
10635,F,3
10636,M,2
10637,F,3
10638,F,3
10639,M,4
10640,F,8
10641,M,3
10642,F,4
10643,M,5
10644,M,3
10645,F,5
10646,F,3
10647,M,2
10648,F,10
10649,F,10
10650,M,10
10651,F,3
10652,M,3
10653,F,4
10654,F,3
10655,M,4
10656,M,6
10657,M,3
10658,M,5
10659,F,5
10660,F,5
10661,F,5
10662,F,5
10663,M,6
10664,M,6
10665,M,5
10666,F,5
10667,M,6
10668,M,6
10669,F,5
10670,F,5
10671,M,5
10672,F,4
10673,M,5
10674,M,5
10675,F,2
10676,F,3
10677,F,4
10678,F,2
10679,F,3
10680,F,2
10681,M,3
10682,F,3
10683,F,4
10684,M,8
10685,F,3
10686,M,4
10687,F,5
10688,M,3
10689,M,5
10690,M,3
10691,F,2
10692,F,10
10693,F,10
10694,F,10
10695,M,3
10696,F,3
10697,M,4
10698,F,3
10699,M,4
10700,F,6
10701,F,3
10702,F,5
10703,F,5
10704,M,5
10705,M,5
10706,M,5
10707,M,6
10708,F,6
10709,F,5
10710,F,5
10711,F,6
10712,M,6
10713,F,5
10714,F,5
10715,M,5
10716,F,5
10717,F,5
10718,F,5
10719,F,5
10720,M,6
10721,F,5
10722,M,5
10723,M,6
10724,M,5
10725,M,5
10726,M,5
10727,M,5
10728,M,5
10729,M,4
10730,M,5
10731,F,5
10732,F,5
10733,F,5
10734,F,6
10735,M,5
10736,F,6
10737,F,5
10738,F,5
10739,F,5
10740,F,5
10741,F,4
10742,F,5
10743,F,6
10744,M,5
10745,F,5
10746,M,6
10747,M,5
10748,F,5
10749,M,5
10750,M,3
10751,F,5
10752,F,6
10753,M,5
10754,M,5
10755,M,5
10756,M,5
10757,F,5
10758,M,5
10759,F,5
10760,M,5
10761,M,5
10762,F,5
10763,M,5
10764,F,5
10765,M,5
10766,F,5
10767,M,5
10768,F,5
10769,M,5
10770,M,6
10771,M,6
10772,F,6
10773,F,5
10774,F,5
10775,F,5
10776,M,5
10777,F,6
10778,F,5
10779,M,5
10780,F,5
10781,M,5
10782,F,5
10783,M,2
10784,F,5
10785,F,4
10786,F,5
10787,F,6
10788,F,3
10789,M,5
10790,F,3
10791,F,5
10792,M,5
10793,F,3
10794,M,5
10795,F,5
10796,F,5
10797,F,4
10798,F,6
10799,F,5
10800,M,6
10801,F,6
10802,M,5
10803,F,5
10804,F,5
10805,M,5
10806,F,5
10807,M,5
10808,F,6
10809,M,5
10810,M,6
10811,M,3
10812,F,3
10813,F,3
10814,F,3
10815,F,5
10816,F,2
10817,M,3
10818,F,2
10819,F,4
10820,F,3
10821,M,5
10822,M,3
10823,M,3
10824,M,2
10825,M,2
10826,M,3
10827,F,2
10828,M,3
10829,F,3
10830,M,4
10831,M,4
10832,M,2
10833,M,4
10834,F,5
10835,M,5
10836,F,2
10837,M,2
10838,M,2
10839,M,3
10840,M,3
10841,M,2
10842,F,2
10843,F,2
10844,M,2
10845,F,3
10846,F,4
10847,F,2
10848,M,2
10849,M,4
10850,F,3
10851,M,3
10852,M,4
10853,F,4
10854,F,2
10855,F,5
10856,M,2
10857,F,2
10858,F,6
10859,M,3
10860,M,3
10861,M,3
10862,F,3
10863,M,3
10864,M,3
10865,M,3
10866,F,4
10867,M,2
10868,M,3
10869,M,3
10870,M,3
10871,M,4
10872,F,4
10873,M,2
10874,M,2
10875,M,4
10876,F,3
10877,M,2
10878,M,2
10879,M,2
10880,F,2
10881,M,3
10882,F,4
10883,F,2
10884,F,4
10885,M,3
10886,M,5
10887,F,2
10888,F,3
10889,M,2
10890,F,2
10891,M,4
10892,F,2
10893,F,2
10894,M,3
10895,M,3
10896,M,3
10897,F,4
10898,M,2
10899,M,2
10900,M,3
10901,M,4
10902,M,2
10903,M,3
10904,F,4
10905,M,2
10906,F,3
10907,F,3
10908,M,4
10909,M,4
10910,M,4
10911,F,8
10912,M,10
10913,F,3
10914,F,4
10915,F,4
10916,F,10
10917,M,5
10918,M,5
10919,M,5
10920,F,6
10921,F,5
10922,F,5
10923,M,6
10924,F,5
10925,M,5
10926,M,5
10927,F,5
10928,M,5
10929,F,4
10930,M,5
10931,F,5
10932,M,5
10933,F,5
10934,F,6
10935,M,5
10936,F,6
10937,M,5
10938,F,5
10939,M,5
10940,F,5
10941,M,4
10942,M,5
10943,F,6
10944,M,5
10945,F,5
10946,M,6
10947,M,5
10948,M,5
10949,F,5
10950,M,3
10951,M,5
10952,M,6
10953,F,5
10954,M,5
10955,F,3
10956,M,4
10957,M,4
10958,F,4
10959,M,8
10960,F,10
10961,M,3
10962,M,4
10963,F,4
10964,M,10
10965,M,5
10966,M,5
10967,F,5
10968,M,6
10969,F,5
10970,M,5
10971,M,6
10972,M,5
10973,F,5
10974,F,5
10975,F,5
10976,M,5
10977,M,4
10978,F,5
10979,F,5
10980,F,5
10981,F,5
10982,M,6
10983,M,5
10984,M,6
10985,M,5
10986,F,5
10987,M,5
10988,F,5
10989,F,4
10990,F,5
10991,M,6
10992,M,5
10993,M,5
10994,F,6
10995,F,5
10996,F,5
10997,F,5
10998,M,6
10999,F,5
